feature,pr_auc_drop_when_shuffled
hours_since_same_payment,0.025557468468468014
kind,0.017041459736411843
agent_prior_n,0.00550885402419847
prior_same_ticket_rows,0.002773796402030987
hour,0.0023504794425778797
employee,0.001809704497674855
creator,0.001731398062443587
weekday,0.0011145772684519467
n_tickets,0.0010175245917182218
month_end,-3.1150856506928504e-06
currency,-0.0003861308759957188
dom,-0.0010952311872829412
agent_n_agreements,-0.0017991795556488027
log_amount,-0.0038690251143283366
agent_prior_err_rate,-0.01602948151128314
