class,precision,recall,f1,support,test_month
OK,0.9363261566651397,0.9824561403508771,0.9588366365662014,4161,2026-07
BOT,0.21428571428571427,0.07407407407407407,0.11009174311926606,81,2026-07
1C,0.19047619047619047,0.03508771929824561,0.05925925925925926,114,2026-07
AGENT,0.0,0.0,0.0,33,2026-07
REVIEW,0.030303030303030304,0.016129032258064516,0.021052631578947368,62,2026-07
OK,0.9314097696785624,0.9903121636167922,0.9599582626842311,3716,2026-06
BOT,0.4444444444444444,0.08888888888888889,0.14814814814814814,90,2026-06
1C,0.16666666666666666,0.028037383177570093,0.048,107,2026-06
AGENT,0.0,0.0,0.0,14,2026-06
REVIEW,0.15384615384615385,0.02666666666666667,0.045454545454545456,75,2026-06
