folder,period,saldo_end_draft,saldo_end_reissued,delta_saldo_end,rows_draft,rows_reissued,rows_only_in_reissued,rows_only_in_draft,draft_saldo_check,reissued_saldo_check
Jailoo Trip,2026-05,703791.61,726777.55,22985.94000000006,14,15,1,0,-1.1641532182693481e-10,0.0
Tengri Trip,2026-04,586096.79,606075.79,19979.0,29,30,1,0,1.1641532182693481e-10,1.1641532182693481e-10
Джолдош уулу Эмир,2026-02,-1217909.99,-1373609.99,-155700.0,21,22,1,0,-2.3283064365386963e-10,-2.3283064365386963e-10
ИП Абдылда уулу Б.,2026-02,-2377124.54,-2320420.73,56703.810000000056,72,73,1,0,0.0,0.0
ИП Абдыраманова Д. А.,2026-05,-141203.7,-140903.7,300.0,13,14,1,0,-2.9103830456733704e-11,-2.9103830456733704e-11
ИП Абдыраманова Ж. Д.,2026-06,-502180.35,-489424.35,12756.0,17,18,1,0,5.820766091346741e-11,5.820766091346741e-11
ИП Осмонова А. Н.,2026-04,-705211.2,-695320.2,9891.0,12,13,1,0,0.0,0.0
Ниязбеков Кубат Таалайевич,2026-06,-393972.05,-343163.93,50808.119999999995,18,19,1,0,0.0,0.0
"ОсОО ""Алтын Эйр""",2026-06,-1797428.26,-1754270.26,43158.0,35,36,1,0,0.0,-2.3283064365386963e-10
"ОсОО ""Иссык Тур""",2026-06,-446129.73,-414876.27,31253.459999999963,27,28,1,0,1.1641532182693481e-10,1.1641532182693481e-10
"ОсОО ""Кок-Жайык Вояж""",2026-07,-74298.36,-55615.31,18683.050000000003,36,37,1,0,-1.4551915228366852e-11,-5.820766091346741e-11
"ОсОО ""Манас Тур""",2026-03,-980029.12,-962140.38,17888.73999999999,13,14,1,0,0.0,0.0
"ОсОО ""Сон-Куль Тур""",2026-02,-989660.44,-929868.44,59792.0,15,16,1,0,1.1641532182693481e-10,0.0
Чынар уулу Эмир,2026-07,-337460.0,-282656.0,54804.0,11,12,1,0,0.0,0.0
Эсенбек уулу Азамат,2026-02,200859.12,244493.31,43634.19,9,10,1,0,0.0,0.0
