agent,month
Ak-Bulak Voyage,2026-02
Асанов Кубат Чынаревич,2026-02
Жибек Вояж,2026-04
Жибек Эйр,2026-04
Жибек Эйр,2026-05
Жолчу кызы А.,2026-06
ИП Асанов К. Б.,2026-02
ИП Жумабекова Б. Н.,2026-05
ИП Муратов Э. У.,2026-03
ИП Токтосун кызы Н.,2026-02
ИССЫК ТРИП,2026-02
МУРАС ТРИП,2026-06
Манас Туризм,2026-06
Сатар уулу Санжар,2026-04
Сатар уулу Санжар,2026-06
Сыдыков С. У.,2026-05
Тянь-Шань Тур,2026-04
Тянь-Шань Тур,2026-05
ЧОЛПОН ТУР,2026-03
ЧОЛПОН ТУР,2026-04
Чолпон Тревел,2026-04
Чолпон Тревел,2026-05
Чынар уулу Эмир,2026-02
Чынар уулу Эмир,2026-03
