source,name_in_source,etm_agent,shared_tickets,confidence
1C,Ak-Bulak Voyage,Ak-Bulak Voyage,140,1.0
1C,Ala-Too Travel,Ala-Too Travel,99,1.0
1C,Aylana Tour,Aylana Tour,237,1.0
1C,Bishkek Fly,Bishkek Fly,97,1.0
1C,Blue Bird Travel,Blue Bird Travel,279,1.0
1C,Issyk-Kul Air,Issyk-Kul Air,107,1.0
1C,Jailoo Trip,Jailoo Trip,149,1.0
1C,Karakol Express,Karakol Express,1731,1.0
1C,Kumtor Tours,Kumtor Tours,138,1.0
1C,Nomad Trip,Nomad Trip,123,1.0
1C,Silk Route Air,Silk Route Air,150,1.0
1C,SkyWay Travel,SkyWay Travel,2802,1.0
1C,Steppe Travel,Steppe Travel,154,1.0
1C,Sunrise Tours,Sunrise Tours,213,1.0
1C,Tengri Trip,Tengri Trip,224,1.0
1C,Асанов Кубат Чынаревич,Асанов Кубат Чынаревич,67,1.0
1C,Асанова Каныкей Эсенбекевна,Асанова Каныкей Эсенбекевна,112,1.0
1C,Джолдош уулу Руслан,Джолдош уулу Руслан,126,1.0
1C,Джолдош уулу Эмир,Джолдош уулу Эмир,253,1.0
1C,Джолдошова Салтанат Сатаревна,Джолдошова Салтанат Сатаревна,582,1.0
1C,Жумабек кызы Умут,Жумабек кызы Умут,145,1.0
1C,ИП Абдылда уулу Б.,Абдылда уулу Б.,810,1.0
1C,ИП Абдылдаов Д. М.,Абдылдаов Д. М.,218,1.0
1C,ИП Абдылдаова У. О.,ИП Абдылдаова У. О.,130,1.0
1C,ИП Абдыраманова Д. А.,Абдыраманова Д. А.,119,1.0
1C,ИП Абдыраманова Ж. Д.,ИП Абдыраманова Ж. Д.,88,1.0
1C,ИП Асанов К. Б.,ИП Асанов К. Б.,153,1.0
1C,ИП Бейшенова Д. О.,ИП Бейшенова Д. О.,271,1.0
1C,ИП Бейшенова Н. Ч.,Бейшенова Н. Ч.,133,1.0
1C,ИП Джолдошов Д. У.,ИП Джолдошов Д. У.,119,1.0
1C,ИП Жолчу кызы А.,Жолчу кызы А.,219,1.0
1C,ИП Жумабекова Б. Н.,ИП Жумабекова Б. Н.,157,1.0
1C,ИП Мамбетова Ч. Э.,ИП Мамбетова Ч. Э.,138,1.0
1C,ИП Муратов Э. У.,ИП Муратов Э. У.,258,1.0
1C,ИП Осмонова А. Н.,Осмонова А. Н.,200,1.0
1C,ИП Сагын кызы Б.,Сагын кызы Б.,78,1.0
1C,ИП Сатарова А. О.,Сатарова А. О.,133,1.0
1C,ИП Сыдыков С. У.,Сыдыков С. У.,83,1.0
1C,ИП Токтосун кызы Н.,ИП Токтосун кызы Н.,363,1.0
1C,ИП Турсунов Т. А.,ИП Турсунов Т. А.,154,1.0
1C,ИП Элдиярова А. Ч.,ИП Элдиярова А. Ч.,94,1.0
1C,Кадырова Айнура Жумабекевна,Кадырова Айнура Жумабекевна,475,1.0
1C,Кенешова Чолпон Таалайовна,Кенешова Чолпон Таалайовна,124,1.0
1C,Мамбет уулу Чынгыз,Мамбет уулу Чынгыз,169,1.0
1C,Ниязбеков Кубат Таалайевич,Ниязбеков Кубат Таалайевич,114,1.0
1C,Ниязбекова Асель Сатаровна,Ниязбекова Асель Сатаровна,96,1.0
1C,"ОсОО ""Ак-Куу Авиа""",Ак-Куу Авиа,1261,1.0
1C,"ОсОО ""Ак-Куу Тур""",Ак-Куу Тур,456,1.0
1C,"ОсОО ""Ала-Арча Авиа""",ОсОО Ала-Арча Авиа,143,1.0
1C,"ОсОО ""Ала-Арча Авиакасса""",Ала-Арча Авиакасса,83,1.0
1C,"ОсОО ""Ала-Арча Тревел""",Ала-Арча Тревел,129,1.0
1C,"ОсОО ""Ала-Арча Трип""",ОсОО Ала-Арча Трип,120,1.0
1C,"ОсОО ""Ала-Тоо Эйр""",ОсОО Ала-Тоо Эйр,179,1.0
1C,"ОсОО ""Алтын Эйр""",ОсОО Алтын Эйр,289,1.0
1C,"ОсОО ""Байтур Трип""",Байтур Трип,302,1.0
1C,"ОсОО ""Байтур Туризм""",БАЙТУР ТУРИЗМ,110,1.0
1C,"ОсОО ""Бирлик Трип""",Бирлик Трип,168,1.0
1C,"ОсОО ""Жибек Авиакасса""",Жибек Авиакасса,366,1.0
1C,"ОсОО ""Жибек Вояж""",Жибек Вояж,86,1.0
1C,"ОсОО ""Жибек Эйр""",Жибек Эйр,371,1.0
1C,"ОсОО ""Иссык Вояж""",Иссык Вояж,126,1.0
1C,"ОсОО ""Иссык Трип""",ИССЫК ТРИП,851,1.0
1C,"ОсОО ""Иссык Тур""",ОсОО Иссык Тур,259,1.0
1C,"ОсОО ""Кара-Кол Трип""",ОсОО Кара-Кол Трип,214,1.0
1C,"ОсОО ""Кок-Жайык Вояж""",ОсОО Кок-Жайык Вояж,283,1.0
1C,"ОсОО ""Кок-Жайык Лайн""",ОсОО Кок-Жайык Лайн,184,1.0
1C,"ОсОО ""Кут Эйр""",КУТ ЭЙР,237,1.0
1C,"ОсОО ""Манас Вояж""",Манас Вояж,151,1.0
1C,"ОсОО ""Манас Тревел""",Манас Тревел,580,1.0
1C,"ОсОО ""Манас Тур""",Манас Тур,219,1.0
1C,"ОсОО ""Манас Туризм""",Манас Туризм,151,1.0
1C,"ОсОО ""Мурас Трип""",МУРАС ТРИП,139,1.0
1C,"ОсОО ""Небо Авиа""",Небо Авиа,98,1.0
1C,"ОсОО ""Салам Авиакасса""",Салам Авиакасса,265,1.0
1C,"ОсОО ""Салам Вояж""",САЛАМ ВОЯЖ,110,1.0
1C,"ОсОО ""Салам Эйр""",САЛАМ ЭЙР,274,1.0
1C,"ОсОО ""Салам Экспресс""",Салам Экспресс,245,1.0
1C,"ОсОО ""Сон-Куль Тур""",СОН-КУЛЬ ТУР,195,1.0
1C,"ОсОО ""Талас Вояж""",ТАЛАС ВОЯЖ,88,1.0
1C,"ОсОО ""Талас Лайн""",ТАЛАС ЛАЙН,288,1.0
1C,"ОсОО ""Талас Эйр""",ТАЛАС ЭЙР,128,1.0
1C,"ОсОО ""Тянь-Шань Вояж""",ОсОО Тянь-Шань Вояж,119,1.0
1C,"ОсОО ""Тянь-Шань Тур""",Тянь-Шань Тур,77,1.0
1C,"ОсОО ""Тянь-Шань Экспресс""",ТЯНЬ-ШАНЬ ЭКСПРЕСС,202,1.0
1C,"ОсОО ""Чолпон Авиакасса""",ОсОО Чолпон Авиакасса,263,1.0
1C,"ОсОО ""Чолпон Тревел""",Чолпон Тревел,73,1.0
1C,"ОсОО ""Чолпон Тур""",ЧОЛПОН ТУР,139,1.0
1C,"ОсОО ""Чолпон Эйр""",ЧОЛПОН ЭЙР,173,1.0
1C,"ОсОО ""Ыйык Авиакасса""",Ыйык Авиакасса,99,1.0
1C,"ОсОО ""Ыйык Тур""",Ыйык Тур,680,1.0
1C,"ОсОО ""Ыйык Экспресс""",ЫЙЫК ЭКСПРЕСС,221,1.0
1C,Сатар уулу Санжар,Сатар уулу Санжар,710,1.0
1C,Сатарова Жылдыз Жумабековна,Сатарова Жылдыз Жумабековна,106,1.0
1C,Урматов Эрлан Сагынович,Урматов Эрлан Сагынович,164,1.0
1C,Урматова Айпери Нурбековна,Урматова Айпери Нурбековна,175,1.0
1C,Чынар уулу Эмир,Чынар уулу Эмир,80,1.0
1C,Чынарова Бурул Джолдошовна,Чынарова Бурул Джолдошовна,245,1.0
1C,Эсенбек уулу Азамат,Эсенбек уулу Азамат,113,1.0
1C,Эсенбеков Кубат Элдияревич,Эсенбеков Кубат Элдияревич,177,1.0
1C,Эсенбекова Айгуль Нурбекевна,Эсенбекова Айгуль Нурбекевна,93,1.0
registry,Джолдош уулу,Джолдош уулу Эмир,65,0.6632653061224489
registry,Иссык Трип,ИССЫК ТРИП,110,1.0
registry,ЭСЕНБЕКОВ КУБАТ ЭЛДИЯРЕВИЧ,Эсенбеков Кубат Элдияревич,29,1.0
registry,KARAKOL EXPRESS,Karakol Express,373,1.0
registry,SKYWAY TRAVEL,SkyWay Travel,613,1.0
registry,Мамбет уулу Чынгыз,Мамбет уулу Чынгыз,34,1.0
registry,Ак-Куу Авиа,Ак-Куу Авиа,152,1.0
registry,SkyWay Travel,SkyWay Travel,717,1.0
registry,"ОсОО ""Ыйык Тур""",Ыйык Тур,69,1.0
registry,JAILOO TRIP,Jailoo Trip,43,1.0
registry,SkyWayTravel,SkyWay Travel,640,1.0
registry,ОсОО Иссык Трип,ИССЫК ТРИП,123,1.0
registry,Ыйык Тур ,Ыйык Тур,92,1.0
registry,БАЙТУР ТРИП,Байтур Трип,39,1.0
registry,Ыйык Экспресс,ЫЙЫК ЭКСПРЕСС,31,1.0
registry,Токтосун кызы Н.,ИП Токтосун кызы Н.,212,1.0
registry,ОсОО Салам Экспресс,Салам Экспресс,25,1.0
registry,ИП Сыдыков С. У.,Сыдыков С. У.,24,1.0
registry,ИП Жумабекова Б. Н.,ИП Жумабекова Б. Н.,22,1.0
registry,Сатар уулу,Сатар уулу Санжар,218,1.0
registry,иссык трип,ИССЫК ТРИП,120,1.0
registry,Aylana Tour,Aylana Tour,68,1.0
registry,Салам Эйр,САЛАМ ЭЙР,44,1.0
registry,"ОсОО ""Ак-Куу Авиа""",Ак-Куу Авиа,160,1.0
registry,Урматов Эрлан Сагынович,Урматов Эрлан Сагынович,47,1.0
registry,Асанов К.Б.,ИП Асанов К. Б.,38,1.0
registry,ОсОО Кок-Жайык Лайн,ОсОО Кок-Жайык Лайн,22,1.0
registry,Чынар уулу Эмир,Чынар уулу Эмир,36,1.0
registry,Ak-BulakVoyage,Ak-Bulak Voyage,30,1.0
registry,Tengri Trip,Tengri Trip,45,1.0
registry,Тянь-Шань Вояж ,ОсОО Тянь-Шань Вояж,14,1.0
registry,Karakol Express,Karakol Express,390,1.0
registry,"ОсОО ""Манас Тревел""",Манас Тревел,49,1.0
registry,Иссык Трип ,ИССЫК ТРИП,93,1.0
registry,УРМАТОВА АЙПЕРИ НУРБЕКОВНА,Урматова Айпери Нурбековна,52,1.0
registry,Абдылда уулу Б.,Абдылда уулу Б.,380,1.0
registry,Джолдошова Салтанат,Джолдошова Салтанат Сатаревна,119,1.0
registry,Ыйык Тур,Ыйык Тур,61,1.0
registry,KarakolExpress,Karakol Express,362,1.0
registry,Асанов К. Б.,ИП Асанов К. Б.,57,1.0
registry,ТЯНЬ-ШАНЬ ТУР,Тянь-Шань Тур,8,1.0
registry,Абдылдаова У.О.,ИП Абдылдаова У. О.,43,1.0
registry,ISSYK-KUL AIR,Issyk-Kul Air,37,1.0
registry,"ОсОО ""Манас Туризм""",Манас Туризм,10,1.0
registry,САТАР УУЛУ САНЖАР,Сатар уулу Санжар,212,1.0
registry,ОсОО Ак-Куу Авиа,Ак-Куу Авиа,185,1.0
registry,ИП Жолчу кызы А.,Жолчу кызы А.,50,1.0
registry,Кенешова Чолпон Таалайовна,Кенешова Чолпон Таалайовна,29,1.0
registry,ТАЛАС ЛАЙН,ТАЛАС ЛАЙН,47,1.0
registry,Кут Эйр,КУТ ЭЙР,18,1.0
registry,Турсунов Т.А.,ИП Турсунов Т. А.,43,1.0
registry,ИП Бейшенова Н. Ч.,Бейшенова Н. Ч.,30,1.0
registry,Абдыраманова Д.А.,Абдыраманова Д. А.,28,1.0
registry,Бейшенова Д. О.,ИП Бейшенова Д. О.,61,1.0
registry,байтур туризм,БАЙТУР ТУРИЗМ,6,1.0
registry,ыйык тур,Ыйык Тур,95,1.0
registry,ИП Абдыраманова Д. А.,Абдыраманова Д. А.,30,1.0
registry,Сыдыков С. У.,Сыдыков С. У.,19,1.0
registry,Джолдошова Салтанат Сатаревна,Джолдошова Салтанат Сатаревна,138,1.0
registry,Тянь-Шань Экспресс,ТЯНЬ-ШАНЬ ЭКСПРЕСС,21,1.0
registry,ОсОО Талас Эйр,ТАЛАС ЭЙР,15,1.0
registry,ИП Абдылда уулу Б.,Абдылда уулу Б.,203,1.0
registry,чолпон тур,ЧОЛПОН ТУР,32,1.0
registry,ОсОО Ыйык Тур,Ыйык Тур,68,1.0
registry,Джолдошов Д.У.,ИП Джолдошов Д. У.,36,1.0
registry,AylanaTour,Aylana Tour,60,1.0
registry,ЧЫНАРОВА БУРУЛ ДЖОЛДОШОВНА,Чынарова Бурул Джолдошовна,61,1.0
registry,Кут Эйр ,КУТ ЭЙР,42,1.0
registry,ОсОО Алтын Эйр,ОсОО Алтын Эйр,24,1.0
registry,Jailoo Trip,Jailoo Trip,36,1.0
registry,ОсОО Ала-Арча Тревел,Ала-Арча Тревел,24,1.0
registry,Ала-Арча Тревел,Ала-Арча Тревел,20,1.0
registry,Жолчу кызы А.,Жолчу кызы А.,129,1.0
registry,кок-жайык лайн,ОсОО Кок-Жайык Лайн,25,1.0
registry,ЖИБЕК ЭЙР,Жибек Эйр,62,1.0
registry,байтур трип,Байтур Трип,18,1.0
registry,ак-куу авиа,Ак-Куу Авиа,163,1.0
registry,"ОсОО ""Мурас Трип""",МУРАС ТРИП,15,1.0
registry,ОсОО Бирлик Трип,Бирлик Трип,14,1.0
registry,Чынарова Бурул Джолдошовна,Чынарова Бурул Джолдошовна,61,1.0
registry,Урматова Айпери,Урматова Айпери Нурбековна,43,1.0
registry,ЧОЛПОН ЭЙР,ЧОЛПОН ЭЙР,11,1.0
registry,Элдиярова А. Ч.,ИП Элдиярова А. Ч.,28,1.0
registry,ДЖОЛДОШОВА САЛТАНАТ САТАРЕВНА,Джолдошова Салтанат Сатаревна,154,1.0
registry,Салам Экспресс,Салам Экспресс,38,1.0
registry,мурас трип,МУРАС ТРИП,20,1.0
registry,талас вояж,ТАЛАС ВОЯЖ,14,1.0
registry,САЛАМ ВОЯЖ,САЛАМ ВОЯЖ,15,1.0
registry,Тянь-Шань Тур,Тянь-Шань Тур,9,1.0
registry,Сагын кызы Б.,Сагын кызы Б.,41,1.0
registry,салам эйр,САЛАМ ЭЙР,27,1.0
registry,Сатар уулу Санжар,Сатар уулу Санжар,218,1.0
registry,"ОсОО ""Талас Лайн""",ТАЛАС ЛАЙН,24,1.0
registry,"ОсОО ""Ак-Куу Тур""",Ак-Куу Тур,45,1.0
registry,Урматов Эрлан,Урматов Эрлан Сагынович,33,1.0
registry,жибек авиакасса,Жибек Авиакасса,46,1.0
registry,ОсОО Манас Тревел,Манас Тревел,64,1.0
registry,Эсенбеков Кубат,Эсенбеков Кубат Элдияревич,32,1.0
registry,Асанов Кубат,Асанов Кубат Чынаревич,14,1.0
registry,Эсенбек уулу Азамат,Эсенбек уулу Азамат,21,1.0
registry,Sunrise Tours,Sunrise Tours,56,1.0
registry,ОсОО Салам Эйр,САЛАМ ЭЙР,23,1.0
registry,ИССЫК ВОЯЖ,Иссык Вояж,18,1.0
registry,ОсОО Чолпон Тур,ЧОЛПОН ТУР,23,1.0
registry,Мамбет уулу,Мамбет уулу Чынгыз,30,1.0
registry,SteppeTravel,Steppe Travel,55,1.0
registry,Kumtor Tours,Kumtor Tours,25,1.0
registry,"ОсОО ""Кок-Жайык Лайн""",ОсОО Кок-Жайык Лайн,21,1.0
registry,ИП Сагын кызы Б.,Сагын кызы Б.,15,1.0
registry,"ОсОО ""Ала-Тоо Эйр""",ОсОО Ала-Тоо Эйр,24,1.0
registry,Кадырова Айнура,Кадырова Айнура Жумабекевна,108,1.0
registry,"ОсОО ""Иссык Тур""",ОсОО Иссык Тур,27,1.0
registry,BLUE BIRD TRAVEL,Blue Bird Travel,54,1.0
registry,салам экспресс,Салам Экспресс,26,1.0
registry,ОсОО Ак-Куу Тур,Ак-Куу Тур,50,1.0
registry,АК-КУУ АВИА,Ак-Куу Авиа,160,1.0
registry,Жибек Эйр,Жибек Эйр,53,1.0
registry,Чолпон Тур ,ЧОЛПОН ТУР,16,1.0
registry,Алтын Эйр ,ОсОО Алтын Эйр,33,1.0
registry,"ОсОО ""Салам Эйр""",САЛАМ ЭЙР,28,1.0
registry,SUNRISE TOURS,Sunrise Tours,39,1.0
registry,иссык тур,ОсОО Иссык Тур,28,1.0
registry,"ОсОО ""Иссык Трип""",ИССЫК ТРИП,118,1.0
registry,САЛАМ ЭЙР,САЛАМ ЭЙР,48,1.0
registry,ИП Мамбетова Ч. Э.,ИП Мамбетова Ч. Э.,40,1.0
registry,Муратов Э. У.,ИП Муратов Э. У.,84,1.0
registry,ИП Элдиярова А. Ч.,ИП Элдиярова А. Ч.,12,1.0
registry,ОсОО Талас Лайн,ТАЛАС ЛАЙН,35,1.0
registry,Жумабек кызы Умут,Жумабек кызы Умут,31,1.0
registry,SILK ROUTE AIR,Silk Route Air,38,1.0
registry,Абдыраманова Ж.Д.,ИП Абдыраманова Ж. Д.,31,1.0
registry,Мамбетова Ч. Э.,ИП Мамбетова Ч. Э.,31,1.0
registry,ОсОО Жибек Эйр,Жибек Эйр,82,1.0
registry,Манас Тревел,Манас Тревел,83,1.0
registry,КЕНЕШОВА ЧОЛПОН ТААЛАЙОВНА,Кенешова Чолпон Таалайовна,26,1.0
registry,Ала-Арча Авиа,ОсОО Ала-Арча Авиа,9,1.0
registry,Кадырова Айнура Жумабекевна,Кадырова Айнура Жумабекевна,114,1.0
registry,Алтын Эйр,ОсОО Алтын Эйр,25,1.0
registry,NOMAD TRIP,Nomad Trip,30,1.0
registry,Ала-Арча Трип ,ОсОО Ала-Арча Трип,19,1.0
registry,ИП Бейшенова Д. О.,ИП Бейшенова Д. О.,63,1.0
registry,ТЯНЬ-ШАНЬ ЭКСПРЕСС,ТЯНЬ-ШАНЬ ЭКСПРЕСС,26,1.0
registry,ОсОО Иссык Тур,ОсОО Иссык Тур,33,1.0
registry,Жумабек кызы,Жумабек кызы Умут,34,1.0
registry,Bishkek Fly,Bishkek Fly,22,1.0
registry,Ак-Куу Авиа ,Ак-Куу Авиа,124,1.0
registry,Тянь-Шань Экспресс ,ТЯНЬ-ШАНЬ ЭКСПРЕСС,32,1.0
registry,Манас Тур,Манас Тур,30,1.0
registry,NomadTrip,Nomad Trip,29,1.0
registry,Манас Вояж ,Манас Вояж,18,1.0
registry,АСАНОВА КАНЫКЕЙ ЭСЕНБЕКЕВНА,Асанова Каныкей Эсенбекевна,19,1.0
registry,КАДЫРОВА АЙНУРА ЖУМАБЕКЕВНА,Кадырова Айнура Жумабекевна,112,1.0
registry,Жумабекова Б. Н.,ИП Жумабекова Б. Н.,44,1.0
registry,ИП Токтосун кызы Н.,ИП Токтосун кызы Н.,89,1.0
registry,Жибек Авиакасса,Жибек Авиакасса,35,1.0
registry,ЭСЕНБЕКОВА АЙГУЛЬ НУРБЕКЕВНА,Эсенбекова Айгуль Нурбекевна,17,1.0
registry,BISHKEK FLY,Bishkek Fly,23,1.0
registry,ала-арча тревел,Ала-Арча Тревел,24,1.0
registry,Салам Экспресс ,Салам Экспресс,33,1.0
registry,ОсОО Чолпон Авиакасса,ОсОО Чолпон Авиакасса,34,1.0
registry,Silk Route Air,Silk Route Air,35,1.0
registry,Кенешова Чолпон,Кенешова Чолпон Таалайовна,30,1.0
registry,Чынарова Бурул,Чынарова Бурул Джолдошовна,43,1.0
registry,"ОсОО ""Чолпон Авиакасса""",ОсОО Чолпон Авиакасса,21,1.0
registry,Жибек Авиакасса ,Жибек Авиакасса,34,1.0
registry,Манас Тревел ,Манас Тревел,74,1.0
registry,ОсОО Мурас Трип,МУРАС ТРИП,26,1.0
registry,Иссык Вояж ,Иссык Вояж,16,1.0
registry,Ала-Арча Трип,ОсОО Ала-Арча Трип,13,1.0
registry,Кара-Кол Трип ,ОсОО Кара-Кол Трип,28,1.0
registry,ОсОО Жибек Авиакасса,Жибек Авиакасса,35,1.0
registry,НИЯЗБЕКОВ КУБАТ ТААЛАЙЕВИЧ,Ниязбеков Кубат Таалайевич,25,1.0
registry,Ниязбеков Кубат,Ниязбеков Кубат Таалайевич,25,1.0
registry,SilkRouteAir,Silk Route Air,42,1.0
registry,ЧОЛПОН ТУР,ЧОЛПОН ТУР,17,1.0
registry,ДЖОЛДОШ УУЛУ ЭМИР,Джолдош уулу Эмир,44,1.0
registry,Ак-Куу Тур ,Ак-Куу Тур,60,1.0
registry,кара-кол трип,ОсОО Кара-Кол Трип,33,1.0
registry,Бейшенова Д.О.,ИП Бейшенова Д. О.,68,1.0
registry,"ОсОО ""Манас Тур""",Манас Тур,32,1.0
registry,ОсОО Ыйык Авиакасса,Ыйык Авиакасса,13,1.0
registry,"ОсОО ""Жибек Авиакасса""",Жибек Авиакасса,38,1.0
registry,Жумабекова Б.Н.,ИП Жумабекова Б. Н.,42,1.0
registry,"ОсОО ""Кок-Жайык Вояж""",ОсОО Кок-Жайык Вояж,26,1.0
registry,ОсОО Кок-Жайык Вояж,ОсОО Кок-Жайык Вояж,30,1.0
registry,Steppe Travel,Steppe Travel,45,1.0
registry,Blue Bird Travel,Blue Bird Travel,64,1.0
registry,Манас Тур ,Манас Тур,31,1.0
registry,Джолдошов Д. У.,ИП Джолдошов Д. У.,36,1.0
registry,Эсенбекова Айгуль Нурбекевна,Эсенбекова Айгуль Нурбекевна,23,1.0
registry,"ОсОО ""Салам Авиакасса""",Салам Авиакасса,27,1.0
registry,АЛТЫН ЭЙР,ОсОО Алтын Эйр,29,1.0
registry,ЖИБЕК АВИАКАССА,Жибек Авиакасса,37,1.0
registry,Бирлик Трип ,Бирлик Трип,8,1.0
registry,КАРА-КОЛ ТРИП,ОсОО Кара-Кол Трип,18,1.0
registry,ак-куу тур,Ак-Куу Тур,52,1.0
registry,Иссык Тур,ОсОО Иссык Тур,23,1.0
registry,"ОсОО ""Байтур Туризм""",БАЙТУР ТУРИЗМ,16,1.0
registry,ОсОО Байтур Трип,Байтур Трип,39,1.0
registry,АЛА-АРЧА АВИАКАССА,Ала-Арча Авиакасса,7,1.0
registry,Элдиярова А.Ч.,ИП Элдиярова А. Ч.,25,1.0
registry,АК-КУУ ТУР,Ак-Куу Тур,60,1.0
registry,"ОсОО ""Сон-Куль Тур""",СОН-КУЛЬ ТУР,18,1.0
registry,ОсОО Байтур Туризм,БАЙТУР ТУРИЗМ,15,1.0
registry,Байтур Туризм ,БАЙТУР ТУРИЗМ,14,1.0
registry,ИССЫК ТУР,ОсОО Иссык Тур,28,1.0
registry,МАНАС ТУР,Манас Тур,17,1.0
registry,Ала-Арча Авиа ,ОсОО Ала-Арча Авиа,22,1.0
registry,ИП Турсунов Т. А.,ИП Турсунов Т. А.,41,1.0
registry,Абдыраманова Д. А.,Абдыраманова Д. А.,29,1.0
registry,салам авиакасса,Салам Авиакасса,39,1.0
registry,Issyk-KulAir,Issyk-Kul Air,15,1.0
registry,ОсОО Ала-Тоо Эйр,ОсОО Ала-Тоо Эйр,24,1.0
registry,Салам Авиакасса,Салам Авиакасса,18,1.0
registry,Талас Вояж ,ТАЛАС ВОЯЖ,10,1.0
registry,Бейшенова Н. Ч.,Бейшенова Н. Ч.,32,1.0
registry,Ak-Bulak Voyage,Ak-Bulak Voyage,51,1.0
registry,ОсОО Манас Туризм,Манас Туризм,14,1.0
registry,Жибек Эйр ,Жибек Эйр,62,1.0
registry,манас туризм,Манас Туризм,31,1.0
registry,Абдылдаова У. О.,ИП Абдылдаова У. О.,32,1.0
registry,Эсенбеков Кубат Элдияревич,Эсенбеков Кубат Элдияревич,38,1.0
registry,Кок-Жайык Лайн,ОсОО Кок-Жайык Лайн,11,1.0
registry,Чолпон Авиакасса,ОсОО Чолпон Авиакасса,31,1.0
registry,ОсОО Манас Тур,Манас Тур,29,1.0
registry,БИРЛИК ТРИП,Бирлик Трип,18,1.0
registry,BlueBirdTravel,Blue Bird Travel,63,1.0
registry,МАМБЕТ УУЛУ ЧЫНГЫЗ,Мамбет уулу Чынгыз,47,1.0
registry,"ОсОО ""Алтын Эйр""",ОсОО Алтын Эйр,42,1.0
registry,"ОсОО ""Чолпон Тревел""",Чолпон Тревел,12,1.0
registry,"ОсОО ""Чолпон Эйр""",ЧОЛПОН ЭЙР,19,1.0
registry,Байтур Трип ,Байтур Трип,20,1.0
registry,ИП Абдылдаова У. О.,ИП Абдылдаова У. О.,29,1.0
registry,ОсОО Ала-Арча Авиа,ОсОО Ала-Арча Авиа,15,1.0
registry,Ниязбекова Асель,Ниязбекова Асель Сатаровна,31,1.0
registry,манас тревел,Манас Тревел,78,1.0
registry,Небо Авиа,Небо Авиа,16,1.0
registry,Талас Лайн,ТАЛАС ЛАЙН,36,1.0
registry,МАНАС ТУРИЗМ,Манас Туризм,40,1.0
registry,ИП Муратов Э. У.,ИП Муратов Э. У.,71,1.0
registry,Джолдош уулу Эмир,Джолдош уулу Эмир,60,1.0
registry,ОсОО Тянь-Шань Экспресс,ТЯНЬ-ШАНЬ ЭКСПРЕСС,25,1.0
registry,Сон-Куль Тур,СОН-КУЛЬ ТУР,30,1.0
registry,ОсОО Жибек Вояж,Жибек Вояж,19,1.0
registry,"ОсОО ""Кут Эйр""",КУТ ЭЙР,27,1.0
registry,талас лайн,ТАЛАС ЛАЙН,30,1.0
registry,"ОсОО ""Кара-Кол Трип""",ОсОО Кара-Кол Трип,33,1.0
registry,ала-арча трип,ОсОО Ала-Арча Трип,12,1.0
registry,Эсенбек уулу,Эсенбек уулу Азамат,39,1.0
registry,Чолпон Эйр ,ЧОЛПОН ЭЙР,16,1.0
registry,KUMTOR TOURS,Kumtor Tours,42,1.0
registry,Асанова Каныкей,Асанова Каныкей Эсенбекевна,36,1.0
registry,"ОсОО ""Ыйык Экспресс""",ЫЙЫК ЭКСПРЕСС,25,1.0
registry,Джолдош уулу Руслан,Джолдош уулу Руслан,32,1.0
registry,Осмонова А. Н.,Осмонова А. Н.,48,1.0
registry,KumtorTours,Kumtor Tours,27,1.0
registry,Мурас Трип ,МУРАС ТРИП,20,1.0
registry,ИП Абдылдаов Д. М.,Абдылдаов Д. М.,49,1.0
registry,Муратов Э.У.,ИП Муратов Э. У.,67,1.0
registry,Чолпон Тур,ЧОЛПОН ТУР,26,1.0
registry,Абдылдаов Д.М.,Абдылдаов Д. М.,53,1.0
registry,жибек эйр,Жибек Эйр,61,1.0
registry,Сон-Куль Тур ,СОН-КУЛЬ ТУР,24,1.0
registry,ОсОО Манас Вояж,Манас Вояж,9,1.0
registry,Тянь-Шань Вояж,ОсОО Тянь-Шань Вояж,14,1.0
registry,Асанова Каныкей Эсенбекевна,Асанова Каныкей Эсенбекевна,19,1.0
registry,Талас Эйр ,ТАЛАС ЭЙР,25,1.0
registry,АЛА-АРЧА ТРИП,ОсОО Ала-Арча Трип,14,1.0
registry,STEPPE TRAVEL,Steppe Travel,39,1.0
registry,ыйык экспресс,ЫЙЫК ЭКСПРЕСС,37,1.0
registry,Бирлик Трип,Бирлик Трип,24,1.0
registry,Осмонова А.Н.,Осмонова А. Н.,28,1.0
registry,Бейшенова Н.Ч.,Бейшенова Н. Ч.,24,1.0
registry,Чолпон Тревел ,Чолпон Тревел,16,1.0
registry,чолпон эйр,ЧОЛПОН ЭЙР,17,1.0
registry,Жибек Вояж,Жибек Вояж,18,1.0
registry,Мамбетова Ч.Э.,ИП Мамбетова Ч. Э.,25,1.0
registry,НИЯЗБЕКОВА АСЕЛЬ САТАРОВНА,Ниязбекова Асель Сатаровна,20,1.0
registry,"ОсОО ""Ала-Арча Авиа""",ОсОО Ала-Арча Авиа,24,1.0
registry,"ОсОО ""Салам Экспресс""",Салам Экспресс,25,1.0
registry,Кок-Жайык Лайн ,ОсОО Кок-Жайык Лайн,21,1.0
registry,Ala-TooTravel,Ala-Too Travel,28,1.0
registry,АЛА-ТОО ЭЙР,ОсОО Ала-Тоо Эйр,13,1.0
registry,Ала-Арча Авиакасса ,Ала-Арча Авиакасса,15,1.0
registry,SunriseTours,Sunrise Tours,51,1.0
registry,Ала-Арча Авиакасса,Ала-Арча Авиакасса,16,1.0
registry,ЭСЕНБЕК УУЛУ АЗАМАТ,Эсенбек уулу Азамат,20,1.0
registry,ИССЫК ТРИП,ИССЫК ТРИП,95,1.0
registry,манас вояж,Манас Вояж,18,1.0
registry,Кок-Жайык Вояж ,ОсОО Кок-Жайык Вояж,38,1.0
registry,Сыдыков С.У.,Сыдыков С. У.,27,1.0
registry,Эсенбекова Айгуль,Эсенбекова Айгуль Нурбекевна,21,1.0
registry,ЫЙЫК ЭКСПРЕСС,ЫЙЫК ЭКСПРЕСС,31,1.0
registry,САЛАМ АВИАКАССА,Салам Авиакасса,26,1.0
registry,TengriTrip,Tengri Trip,53,1.0
registry,Тянь-Шань Тур ,Тянь-Шань Тур,11,1.0
registry,Мурас Трип,МУРАС ТРИП,17,1.0
registry,Ниязбеков Кубат Таалайевич,Ниязбеков Кубат Таалайевич,23,1.0
registry,AYLANA TOUR,Aylana Tour,48,1.0
registry,Байтур Трип,Байтур Трип,41,1.0
registry,САЛАМ ЭКСПРЕСС,Салам Экспресс,16,1.0
registry,МАНАС ВОЯЖ,Манас Вояж,17,1.0
registry,ЫЙЫК ТУР,Ыйык Тур,58,1.0
registry,ТЯНЬ-ШАНЬ ВОЯЖ,ОсОО Тянь-Шань Вояж,13,1.0
registry,МАНАС ТРЕВЕЛ,Манас Тревел,72,1.0
registry,"ОсОО ""Ала-Арча Трип""",ОсОО Ала-Арча Трип,16,1.0
registry,Ак-Куу Тур,Ак-Куу Тур,52,1.0
registry,ИП Сатарова А. О.,Сатарова А. О.,32,1.0
registry,Ыйык Экспресс ,ЫЙЫК ЭКСПРЕСС,32,1.0
registry,TENGRI TRIP,Tengri Trip,50,1.0
registry,"ОсОО ""Байтур Трип""",Байтур Трип,34,1.0
registry,тянь-шань тур,Тянь-Шань Тур,9,1.0
registry,Сатарова А. О.,Сатарова А. О.,20,1.0
registry,"ОсОО ""Иссык Вояж""",Иссык Вояж,21,1.0
registry,"ОсОО ""Чолпон Тур""",ЧОЛПОН ТУР,26,1.0
registry,ОсОО Салам Авиакасса,Салам Авиакасса,20,1.0
registry,"ОсОО ""Салам Вояж""",САЛАМ ВОЯЖ,14,1.0
registry,ИП Абдыраманова Ж. Д.,ИП Абдыраманова Ж. Д.,18,1.0
registry,ЫЙЫК АВИАКАССА,Ыйык Авиакасса,6,1.0
registry,Абдыраманова Ж. Д.,ИП Абдыраманова Ж. Д.,16,1.0
registry,Абдылдаов Д. М.,Абдылдаов Д. М.,58,1.0
registry,Салам Вояж ,САЛАМ ВОЯЖ,17,1.0
registry,ОсОО Тянь-Шань Вояж,ОсОО Тянь-Шань Вояж,5,1.0
registry,Салам Эйр ,САЛАМ ЭЙР,28,1.0
registry,САТАРОВА ЖЫЛДЫЗ ЖУМАБЕКОВНА,Сатарова Жылдыз Жумабековна,25,1.0
registry,ОсОО Чолпон Эйр,ЧОЛПОН ЭЙР,13,1.0
registry,Ниязбекова Асель Сатаровна,Ниязбекова Асель Сатаровна,20,1.0
registry,Issyk-Kul Air,Issyk-Kul Air,32,1.0
registry,JailooTrip,Jailoo Trip,24,1.0
registry,манас тур,Манас Тур,23,1.0
registry,Небо Авиа ,Небо Авиа,8,1.0
registry,ЖУМАБЕК КЫЗЫ УМУТ,Жумабек кызы Умут,36,1.0
registry,ОсОО Кара-Кол Трип,ОсОО Кара-Кол Трип,21,1.0
registry,талас эйр,ТАЛАС ЭЙР,13,1.0
registry,Урматова Айпери Нурбековна,Урматова Айпери Нурбековна,30,1.0
registry,Талас Вояж,ТАЛАС ВОЯЖ,15,1.0
registry,СОН-КУЛЬ ТУР,СОН-КУЛЬ ТУР,22,1.0
registry,КУТ ЭЙР,КУТ ЭЙР,19,1.0
registry,Иссык Тур ,ОсОО Иссык Тур,34,1.0
registry,"ОсОО ""Жибек Эйр""",Жибек Эйр,62,1.0
registry,кут эйр,КУТ ЭЙР,12,1.0
registry,ЧОЛПОН АВИАКАССА,ОсОО Чолпон Авиакасса,32,1.0
registry,Ala-Too Travel,Ala-Too Travel,22,1.0
registry,"ОсОО ""Талас Вояж""",ТАЛАС ВОЯЖ,5,1.0
registry,"ОсОО ""Манас Вояж""",Манас Вояж,15,1.0
registry,НЕБО АВИА,Небо Авиа,17,1.0
registry,алтын эйр,ОсОО Алтын Эйр,34,1.0
registry,BishkekFly,Bishkek Fly,27,1.0
registry,тянь-шань вояж,ОсОО Тянь-Шань Вояж,22,1.0
registry,сон-куль тур,СОН-КУЛЬ ТУР,28,1.0
registry,Сатарова Жылдыз,Сатарова Жылдыз Жумабековна,17,1.0
registry,Сатарова А.О.,Сатарова А. О.,23,1.0
registry,ИП Джолдошов Д. У.,ИП Джолдошов Д. У.,18,1.0
registry,Чолпон Авиакасса ,ОсОО Чолпон Авиакасса,33,1.0
registry,ала-арча авиакасса,Ала-Арча Авиакасса,11,1.0
registry,Чолпон Эйр,ЧОЛПОН ЭЙР,29,1.0
registry,Ала-Тоо Эйр,ОсОО Ала-Тоо Эйр,23,1.0
registry,ЧОЛПОН ТРЕВЕЛ,Чолпон Тревел,12,1.0
registry,ала-тоо эйр,ОсОО Ала-Тоо Эйр,25,1.0
registry,AK-BULAK VOYAGE,Ak-Bulak Voyage,24,1.0
registry,Турсунов Т. А.,ИП Турсунов Т. А.,31,1.0
registry,Ыйык Авиакасса ,Ыйык Авиакасса,16,1.0
registry,ИП Асанов К. Б.,ИП Асанов К. Б.,20,1.0
registry,Манас Туризм,Манас Туризм,12,1.0
registry,Чолпон Тревел,Чолпон Тревел,8,1.0
registry,Кок-Жайык Вояж,ОсОО Кок-Жайык Вояж,32,1.0
registry,Nomad Trip,Nomad Trip,21,1.0
registry,"ОсОО ""Ыйык Авиакасса""",Ыйык Авиакасса,11,1.0
registry,"ОсОО ""Тянь-Шань Экспресс""",ТЯНЬ-ШАНЬ ЭКСПРЕСС,12,1.0
registry,АЛА-АРЧА АВИА,ОсОО Ала-Арча Авиа,16,1.0
registry,ОсОО Сон-Куль Тур,СОН-КУЛЬ ТУР,23,1.0
registry,жибек вояж,Жибек Вояж,6,1.0
registry,"ОсОО ""Ала-Арча Тревел""",Ала-Арча Тревел,16,1.0
registry,Сатарова Жылдыз Жумабековна,Сатарова Жылдыз Жумабековна,17,1.0
registry,Иссык Вояж,Иссык Вояж,18,1.0
registry,Талас Лайн ,ТАЛАС ЛАЙН,21,1.0
registry,Салам Авиакасса ,Салам Авиакасса,26,1.0
registry,небо авиа,Небо Авиа,18,1.0
registry,"ОсОО ""Тянь-Шань Вояж""",ОсОО Тянь-Шань Вояж,17,1.0
registry,кок-жайык вояж,ОсОО Кок-Жайык Вояж,22,1.0
registry,Чынар уулу,Чынар уулу Эмир,17,1.0
registry,МУРАС ТРИП,МУРАС ТРИП,16,1.0
registry,ОсОО Ыйык Экспресс,ЫЙЫК ЭКСПРЕСС,28,1.0
registry,ОсОО Ала-Арча Авиакасса,Ала-Арча Авиакасса,8,1.0
registry,Ала-Арча Тревел ,Ала-Арча Тревел,4,1.0
registry,Байтур Туризм,БАЙТУР ТУРИЗМ,12,1.0
registry,"ОсОО ""Тянь-Шань Тур""",Тянь-Шань Тур,15,1.0
registry,Манас Вояж,Манас Вояж,13,1.0
registry,чолпон тревел,Чолпон Тревел,9,1.0
registry,ДЖОЛДОШ УУЛУ РУСЛАН,Джолдош уулу Руслан,20,1.0
registry,"ОсОО ""Бирлик Трип""",Бирлик Трип,14,1.0
registry,АЛА-АРЧА ТРЕВЕЛ,Ала-Арча Тревел,5,1.0
registry,УРМАТОВ ЭРЛАН САГЫНОВИЧ,Урматов Эрлан Сагынович,30,1.0
registry,Кара-Кол Трип,ОсОО Кара-Кол Трип,17,1.0
registry,ЧЫНАР УУЛУ ЭМИР,Чынар уулу Эмир,22,1.0
registry,ыйык авиакасса,Ыйык Авиакасса,9,1.0
registry,"ОсОО ""Небо Авиа""",Небо Авиа,11,1.0
registry,ИП Осмонова А. Н.,Осмонова А. Н.,56,1.0
registry,бирлик трип,Бирлик Трип,14,1.0
registry,КОК-ЖАЙЫК ВОЯЖ,ОсОО Кок-Жайык Вояж,24,1.0
registry,ала-арча авиа,ОсОО Ала-Арча Авиа,13,1.0
registry,ОсОО Тянь-Шань Тур,Тянь-Шань Тур,6,1.0
registry,ТАЛАС ЭЙР,ТАЛАС ЭЙР,11,1.0
registry,Ала-Тоо Эйр ,ОсОО Ала-Тоо Эйр,6,1.0
registry,Асанов Кубат Чынаревич,Асанов Кубат Чынаревич,20,1.0
registry,ALA-TOO TRAVEL,Ala-Too Travel,25,1.0
registry,ОсОО Ала-Арча Трип,ОсОО Ала-Арча Трип,12,1.0
registry,ОсОО Кут Эйр,КУТ ЭЙР,25,1.0
registry,АСАНОВ КУБАТ ЧЫНАРЕВИЧ,Асанов Кубат Чынаревич,19,1.0
registry,"ОсОО ""Талас Эйр""",ТАЛАС ЭЙР,19,1.0
registry,чолпон авиакасса,ОсОО Чолпон Авиакасса,25,1.0
registry,ОсОО Чолпон Тревел,Чолпон Тревел,11,1.0
registry,салам вояж,САЛАМ ВОЯЖ,11,1.0
registry,"ОсОО ""Жибек Вояж""",Жибек Вояж,6,1.0
registry,ЖИБЕК ВОЯЖ,Жибек Вояж,12,1.0
registry,ОсОО Иссык Вояж,Иссык Вояж,8,1.0
registry,Талас Эйр,ТАЛАС ЭЙР,11,1.0
registry,"ОсОО ""Ала-Арча Авиакасса""",Ала-Арча Авиакасса,6,1.0
registry,КОК-ЖАЙЫК ЛАЙН,ОсОО Кок-Жайык Лайн,18,1.0
registry,ОсОО Небо Авиа,Небо Авиа,18,1.0
registry,Салам Вояж,САЛАМ ВОЯЖ,5,1.0
registry,Манас Туризм ,Манас Туризм,20,1.0
registry,ОсОО Талас Вояж,ТАЛАС ВОЯЖ,11,1.0
registry,тянь-шань экспресс,ТЯНЬ-ШАНЬ ЭКСПРЕСС,20,1.0
registry,Ыйык Авиакасса,Ыйык Авиакасса,11,1.0
registry,иссык вояж,Иссык Вояж,9,1.0
registry,Жибек Вояж ,Жибек Вояж,13,1.0
registry,ТАЛАС ВОЯЖ,ТАЛАС ВОЯЖ,3,1.0
registry,ОсОО Салам Вояж,САЛАМ ВОЯЖ,5,1.0
registry,БАЙТУР ТУРИЗМ,БАЙТУР ТУРИЗМ,2,1.0
