agent,date,where,reference,amount_kgs,status,error_source,confidence,explanation,fix_side,gap_effect
Ak-Bulak Voyage,2026-03-28 10:54:58,ETM,57174246,562800.0,REPEATED_CREDIT,BOT,A,"Оплата на 562,800.00 повторно зачислена в ETM через 21.4 ч, в 1С поступление одно",etm,562800.0
Blue Bird Travel,2026-05-13 18:24:24,ETM,57278370,125700.0,REPEATED_CREDIT,BOT,A,"Оплата на 125,700.00 повторно зачислена в ETM через 4.8 ч, в 1С поступление одно",etm,125700.0
Karakol Express,2026-01-14 08:58:28,ETM,57019147,133600.0,REPEATED_CREDIT,BOT,A,"Оплата на 133,600.00 повторно зачислена в ETM через 67.7 ч, в 1С поступление одно",etm,133600.0
Karakol Express,2026-06-05 11:05:02,ETM,57335052,147900.0,REPEATED_CREDIT,BOT,A,"Оплата на 147,900.00 повторно зачислена в ETM через 71.9 ч, в 1С поступление одно",etm,147900.0
Karakol Express,2026-01-31 14:44:43,ETM,57062765,223100.0,REPEATED_CREDIT,BOT,A,"Оплата на 223,100.00 повторно зачислена в ETM через 21.1 ч, в 1С поступление одно",etm,223100.0
SkyWay Travel,2026-07-03 14:44:11,ETM,57419271,410800.0,REPEATED_CREDIT,BOT,A,"Оплата на 410,800.00 повторно зачислена в ETM через 30.7 ч, в 1С поступление одно",etm,410800.0
Абдылда уулу Б.,2026-02-07 16:19:50,ETM,57075810,331500.0,REPEATED_CREDIT,BOT,A,"Оплата на 331,500.00 повторно зачислена в ETM через 23.8 ч, в 1С поступление одно",etm,331500.0
Ак-Куу Авиа,2026-02-03 19:15:03,ETM,57070163,365100.0,REPEATED_CREDIT,BOT,A,"Оплата на 365,100.00 повторно зачислена в ETM через 3.1 ч, в 1С поступление одно",etm,365100.0
Асанов Кубат Чынаревич,2026-02-01 12:34:17,ETM,57066376,237100.0,ETM_PAYMENT_IN_MISSING_ACT_MONTH,EXPORT,B,"Оплата есть в ETM, акт 1С за месяц не выгружен",clarify,237100.0
Бирлик Трип,2026-03-08 14:33:57,ETM,57124268,160400.0,REPEATED_CREDIT,BOT,A,"Оплата на 160,400.00 повторно зачислена в ETM через 69.1 ч, в 1С поступление одно",etm,160400.0
Жибек Эйр,2026-04-27 08:44:35,ETM,57231329,123600.0,ETM_PAYMENT_IN_MISSING_ACT_MONTH,EXPORT,B,"Оплата есть в ETM, акт 1С за месяц не выгружен",clarify,123600.0
Жибек Эйр,2026-04-13 13:37:02,ETM,57204240,138700.0,ETM_PAYMENT_IN_MISSING_ACT_MONTH,EXPORT,B,"Оплата есть в ETM, акт 1С за месяц не выгружен",clarify,138700.0
Жибек Эйр,2026-05-19 09:42:17,ETM,57297059,162300.0,ETM_PAYMENT_IN_MISSING_ACT_MONTH,EXPORT,B,"Оплата есть в ETM, акт 1С за месяц не выгружен",clarify,162300.0
Жибек Эйр,2026-04-11 19:12:26,ETM,57201729,174500.0,ETM_PAYMENT_IN_MISSING_ACT_MONTH,EXPORT,B,"Оплата есть в ETM, акт 1С за месяц не выгружен",clarify,174500.0
Жибек Эйр,2026-05-21 17:25:36,ETM,57303089,177000.0,ETM_PAYMENT_IN_MISSING_ACT_MONTH,EXPORT,B,"Оплата есть в ETM, акт 1С за месяц не выгружен",clarify,177000.0
Жибек Эйр,2026-05-31 18:25:57,ETM,57329951,186200.0,ETM_PAYMENT_IN_MISSING_ACT_MONTH,EXPORT,B,"Оплата есть в ETM, акт 1С за месяц не выгружен",clarify,186200.0
Жибек Эйр,2026-05-09 10:00:30,ETM,57266405,189800.0,ETM_PAYMENT_IN_MISSING_ACT_MONTH,EXPORT,B,"Оплата есть в ETM, акт 1С за месяц не выгружен",clarify,189800.0
Жибек Эйр,2026-05-22 14:24:25,ETM,57305878,217300.0,ETM_PAYMENT_IN_MISSING_ACT_MONTH,EXPORT,B,"Оплата есть в ETM, акт 1С за месяц не выгружен",clarify,217300.0
Жибек Эйр,2026-05-08 11:51:34,ETM,57263277,223000.0,ETM_PAYMENT_IN_MISSING_ACT_MONTH,EXPORT,B,"Оплата есть в ETM, акт 1С за месяц не выгружен",clarify,223000.0
Жибек Эйр,2026-05-05 08:07:18,ETM,57252591,228500.0,ETM_PAYMENT_IN_MISSING_ACT_MONTH,EXPORT,B,"Оплата есть в ETM, акт 1С за месяц не выгружен",clarify,228500.0
Жибек Эйр,2026-05-21 16:06:27,ETM,57303095,234200.0,ETM_PAYMENT_IN_MISSING_ACT_MONTH,EXPORT,B,"Оплата есть в ETM, акт 1С за месяц не выгружен",clarify,234200.0
Жибек Эйр,2026-04-18 09:38:04,ETM,57213561,239100.0,ETM_PAYMENT_IN_MISSING_ACT_MONTH,EXPORT,B,"Оплата есть в ETM, акт 1С за месяц не выгружен",clarify,239100.0
Жибек Эйр,2026-01-22 16:09:47,ETM,57042021,249400.0,REPEATED_CREDIT,BOT,A,"Оплата на 249,400.00 повторно зачислена в ETM через 29.7 ч, в 1С поступление одно",etm,249400.0
Жибек Эйр,2026-05-19 09:59:28,ETM,57297072,283600.0,ETM_PAYMENT_IN_MISSING_ACT_MONTH,EXPORT,B,"Оплата есть в ETM, акт 1С за месяц не выгружен",clarify,283600.0
Жолчу кызы А.,2026-06-10 10:57:53,ETM,57355723,230900.0,ETM_PAYMENT_IN_MISSING_ACT_MONTH,EXPORT,B,"Оплата есть в ETM, акт 1С за месяц не выгружен",clarify,230900.0
Жолчу кызы А.,2026-06-24 09:30:34,ETM,57394758,270100.0,ETM_PAYMENT_IN_MISSING_ACT_MONTH,EXPORT,B,"Оплата есть в ETM, акт 1С за месяц не выгружен",clarify,270100.0
Жолчу кызы А.,2026-06-11 09:21:14,ETM,57358269,330700.0,ETM_PAYMENT_IN_MISSING_ACT_MONTH,EXPORT,B,"Оплата есть в ETM, акт 1С за месяц не выгружен",clarify,330700.0
Жолчу кызы А.,2026-06-11 11:38:40,ETM,57358265,342400.0,ETM_PAYMENT_IN_MISSING_ACT_MONTH,EXPORT,B,"Оплата есть в ETM, акт 1С за месяц не выгружен",clarify,342400.0
ИП Асанов К. Б.,2026-02-20 17:55:57,ETM,57099246,268300.0,ETM_PAYMENT_IN_MISSING_ACT_MONTH,EXPORT,B,"Оплата есть в ETM, акт 1С за месяц не выгружен",clarify,268300.0
ИП Бейшенова Д. О.,2026-03-02 18:26:08,ETM,57117017,388600.0,REPEATED_CREDIT,BOT,A,"Оплата на 388,600.00 повторно зачислена в ETM через 8.1 ч, в 1С поступление одно",etm,388600.0
ИП Жумабекова Б. Н.,2026-05-10 14:09:41,ETM,57268992,206200.0,ETM_PAYMENT_IN_MISSING_ACT_MONTH,EXPORT,B,"Оплата есть в ETM, акт 1С за месяц не выгружен",clarify,206200.0
ИП Жумабекова Б. Н.,2026-05-25 12:52:01,ETM,57314323,291600.0,ETM_PAYMENT_IN_MISSING_ACT_MONTH,EXPORT,B,"Оплата есть в ETM, акт 1С за месяц не выгружен",clarify,291600.0
ИП Жумабекова Б. Н.,2026-05-01 12:20:52,ETM,57240781,356500.0,ETM_PAYMENT_IN_MISSING_ACT_MONTH,EXPORT,B,"Оплата есть в ETM, акт 1С за месяц не выгружен",clarify,356500.0
ИП Муратов Э. У.,2026-03-09 17:18:08,ETM,57133132,209400.0,ETM_PAYMENT_IN_MISSING_ACT_MONTH,EXPORT,B,"Оплата есть в ETM, акт 1С за месяц не выгружен",clarify,209400.0
ИП Муратов Э. У.,2026-03-02 15:50:06,ETM,57117076,303400.0,ETM_PAYMENT_IN_MISSING_ACT_MONTH,EXPORT,B,"Оплата есть в ETM, акт 1С за месяц не выгружен",clarify,303400.0
ИП Муратов Э. У.,2026-03-03 09:33:14,ETM,57119283,408700.0,ETM_PAYMENT_IN_MISSING_ACT_MONTH,EXPORT,B,"Оплата есть в ETM, акт 1С за месяц не выгружен",clarify,408700.0
ИП Токтосун кызы Н.,2026-06-01 17:25:45,ETM,57325212,174500.0,PAYMENT_NOT_IN_1C,1C,B,"Оплата 174,500.00 есть в ETM, поступления в 1С нет",onec,174500.0
ИП Токтосун кызы Н.,2026-02-16 13:30:59,ETM,57092740,253800.0,ETM_PAYMENT_IN_MISSING_ACT_MONTH,EXPORT,B,"Оплата есть в ETM, акт 1С за месяц не выгружен",clarify,253800.0
ИП Токтосун кызы Н.,2026-02-22 13:11:49,ETM,57102755,271500.0,ETM_PAYMENT_IN_MISSING_ACT_MONTH,EXPORT,B,"Оплата есть в ETM, акт 1С за месяц не выгружен",clarify,271500.0
ИССЫК ТРИП,2026-02-04 16:51:17,ETM,57072259,228800.0,ETM_PAYMENT_IN_MISSING_ACT_MONTH,EXPORT,B,"Оплата есть в ETM, акт 1С за месяц не выгружен",clarify,228800.0
ИССЫК ТРИП,2026-02-05 13:26:26,ETM,57074004,262800.0,ETM_PAYMENT_IN_MISSING_ACT_MONTH,EXPORT,B,"Оплата есть в ETM, акт 1С за месяц не выгружен",clarify,262800.0
ИССЫК ТРИП,2026-02-24 12:05:59,ETM,57106016,281000.0,ETM_PAYMENT_IN_MISSING_ACT_MONTH,EXPORT,B,"Оплата есть в ETM, акт 1С за месяц не выгружен",clarify,281000.0
ИССЫК ТРИП,2026-02-01 12:41:41,ETM,57066520,335600.0,ETM_PAYMENT_IN_MISSING_ACT_MONTH,EXPORT,B,"Оплата есть в ETM, акт 1С за месяц не выгружен",clarify,335600.0
ИССЫК ТРИП,2026-02-04 13:29:47,ETM,57066539,335600.0,ETM_PAYMENT_IN_MISSING_ACT_MONTH,EXPORT,B,"Оплата есть в ETM, акт 1С за месяц не выгружен",clarify,335600.0
ИССЫК ТРИП,2026-02-18 15:53:23,ETM,57095664,338700.0,ETM_PAYMENT_IN_MISSING_ACT_MONTH,EXPORT,B,"Оплата есть в ETM, акт 1С за месяц не выгружен",clarify,338700.0
ИССЫК ТРИП,2026-05-20 15:21:59,ETM,57300423,347500.0,REPEATED_CREDIT,BOT,A,"Оплата на 347,500.00 повторно зачислена в ETM через 5.7 ч, в 1С поступление одно",etm,347500.0
ИССЫК ТРИП,2026-02-14 15:37:26,ETM,57090105,353300.0,ETM_PAYMENT_IN_MISSING_ACT_MONTH,EXPORT,B,"Оплата есть в ETM, акт 1С за месяц не выгружен",clarify,353300.0
ИССЫК ТРИП,2026-02-01 08:55:20,ETM,57066560,354100.0,ETM_PAYMENT_IN_MISSING_ACT_MONTH,EXPORT,B,"Оплата есть в ETM, акт 1С за месяц не выгружен",clarify,354100.0
ИССЫК ТРИП,2026-02-14 15:58:32,ETM,57090129,415800.0,ETM_PAYMENT_IN_MISSING_ACT_MONTH,EXPORT,B,"Оплата есть в ETM, акт 1С за месяц не выгружен",clarify,415800.0
ИССЫК ТРИП,2026-02-12 13:25:24,ETM,57086445,525900.0,ETM_PAYMENT_IN_MISSING_ACT_MONTH,EXPORT,B,"Оплата есть в ETM, акт 1С за месяц не выгружен",clarify,525900.0
МУРАС ТРИП,2026-06-15 18:49:28,ETM,57368040,165300.0,ETM_PAYMENT_IN_MISSING_ACT_MONTH,EXPORT,B,"Оплата есть в ETM, акт 1С за месяц не выгружен",clarify,165300.0
Манас Туризм,2026-06-09 15:21:04,ETM,57353156,458800.0,ETM_PAYMENT_IN_MISSING_ACT_MONTH,EXPORT,B,"Оплата есть в ETM, акт 1С за месяц не выгружен",clarify,458800.0
ОсОО Ала-Тоо Эйр,2026-05-01 17:11:55,ETM,57238401,188800.0,REPEATED_CREDIT,BOT,A,"Оплата на 188,800.00 повторно зачислена в ETM через 22.2 ч, в 1С поступление одно",etm,188800.0
ОсОО Иссык Тур,2026-04-27 12:37:56,ETM,57229588,148500.0,REPEATED_CREDIT,BOT,A,"Оплата на 148,500.00 повторно зачислена в ETM через 23.0 ч, в 1С поступление одно",etm,148500.0
ОсОО Иссык Тур,2026-06-05 19:20:05,ETM,57341819,170800.0,REPEATED_CREDIT,BOT,A,"Оплата на 170,800.00 повторно зачислена в ETM через 6.3 ч, в 1С поступление одно",etm,170800.0
Салам Авиакасса,2026-02-08 16:21:34,ETM,57078361,175700.0,REPEATED_CREDIT,BOT,A,"Оплата на 175,700.00 повторно зачислена в ETM через 1.6 ч, в 1С поступление одно",etm,175700.0
Салам Авиакасса,2026-07-02 18:45:17,ETM,57410213,253600.0,PAYMENT_NOT_IN_1C,1C,B,"Оплата 253,600.00 есть в ETM, поступления в 1С нет",onec,253600.0
Салам Экспресс,2026-02-22 12:28:33,ETM,57101228,200300.0,REPEATED_CREDIT,BOT,A,"Оплата на 200,300.00 повторно зачислена в ETM через 28.2 ч, в 1С поступление одно",etm,200300.0
Сатар уулу Санжар,2026-06-19 11:04:28,ETM,57379713,103300.0,ETM_PAYMENT_IN_MISSING_ACT_MONTH,EXPORT,B,"Оплата есть в ETM, акт 1С за месяц не выгружен",clarify,103300.0
Сатар уулу Санжар,2026-04-14 13:56:36,ETM,57206106,152000.0,ETM_PAYMENT_IN_MISSING_ACT_MONTH,EXPORT,B,"Оплата есть в ETM, акт 1С за месяц не выгружен",clarify,152000.0
Сатар уулу Санжар,2026-04-21 17:39:43,ETM,57218683,185000.0,PAYMENT_WRONG_AGENT,BOT,B,"Оплата 185,000.00 зачислена в ETM этому субагенту, а в 1С поступление проведено другому — вероятно, бот зачислил не тому",etm,185000.0
Сатар уулу Санжар,2026-06-01 12:53:59,ETM,57332113,207200.0,ETM_PAYMENT_IN_MISSING_ACT_MONTH,EXPORT,B,"Оплата есть в ETM, акт 1С за месяц не выгружен",clarify,207200.0
Сатар уулу Санжар,2026-04-11 18:07:00,ETM,57201780,229700.0,ETM_PAYMENT_IN_MISSING_ACT_MONTH,EXPORT,B,"Оплата есть в ETM, акт 1С за месяц не выгружен",clarify,229700.0
Сатар уулу Санжар,2026-04-16 13:34:47,ETM,57209816,232800.0,ETM_PAYMENT_IN_MISSING_ACT_MONTH,EXPORT,B,"Оплата есть в ETM, акт 1С за месяц не выгружен",clarify,232800.0
Сатар уулу Санжар,2026-06-12 09:22:42,ETM,57360390,240600.0,ETM_PAYMENT_IN_MISSING_ACT_MONTH,EXPORT,B,"Оплата есть в ETM, акт 1С за месяц не выгружен",clarify,240600.0
Сатар уулу Санжар,2026-06-08 14:05:18,ETM,57350214,243700.0,ETM_PAYMENT_IN_MISSING_ACT_MONTH,EXPORT,B,"Оплата есть в ETM, акт 1С за месяц не выгружен",clarify,243700.0
Сатар уулу Санжар,2026-04-15 14:39:04,ETM,57208225,258400.0,ETM_PAYMENT_IN_MISSING_ACT_MONTH,EXPORT,B,"Оплата есть в ETM, акт 1С за месяц не выгружен",clarify,258400.0
Сатар уулу Санжар,2026-04-09 16:58:45,ETM,57197773,273100.0,ETM_PAYMENT_IN_MISSING_ACT_MONTH,EXPORT,B,"Оплата есть в ETM, акт 1С за месяц не выгружен",clarify,273100.0
Сатар уулу Санжар,2026-04-08 14:29:12,ETM,57195676,279000.0,ETM_PAYMENT_IN_MISSING_ACT_MONTH,EXPORT,B,"Оплата есть в ETM, акт 1С за месяц не выгружен",clarify,279000.0
Сатар уулу Санжар,2026-04-08 14:20:05,ETM,57195651,279600.0,ETM_PAYMENT_IN_MISSING_ACT_MONTH,EXPORT,B,"Оплата есть в ETM, акт 1С за месяц не выгружен",clarify,279600.0
Сатар уулу Санжар,2026-06-04 12:33:26,ETM,57339826,282900.0,ETM_PAYMENT_IN_MISSING_ACT_MONTH,EXPORT,B,"Оплата есть в ETM, акт 1С за месяц не выгружен",clarify,282900.0
Сатар уулу Санжар,2026-04-03 15:26:42,ETM,57187369,290200.0,ETM_PAYMENT_IN_MISSING_ACT_MONTH,EXPORT,B,"Оплата есть в ETM, акт 1С за месяц не выгружен",clarify,290200.0
Сатар уулу Санжар,2026-04-05 15:03:05,ETM,57190972,294800.0,ETM_PAYMENT_IN_MISSING_ACT_MONTH,EXPORT,B,"Оплата есть в ETM, акт 1С за месяц не выгружен",clarify,294800.0
Сатар уулу Санжар,2026-06-02 14:02:34,ETM,57334788,298900.0,ETM_PAYMENT_IN_MISSING_ACT_MONTH,EXPORT,B,"Оплата есть в ETM, акт 1С за месяц не выгружен",clarify,298900.0
Сатар уулу Санжар,2026-06-11 09:44:52,ETM,57358112,306300.0,ETM_PAYMENT_IN_MISSING_ACT_MONTH,EXPORT,B,"Оплата есть в ETM, акт 1С за месяц не выгружен",clarify,306300.0
Сатар уулу Санжар,2026-06-24 10:29:17,ETM,57394687,339600.0,ETM_PAYMENT_IN_MISSING_ACT_MONTH,EXPORT,B,"Оплата есть в ETM, акт 1С за месяц не выгружен",clarify,339600.0
Сатар уулу Санжар,2026-06-20 09:56:43,ETM,57382435,342700.0,ETM_PAYMENT_IN_MISSING_ACT_MONTH,EXPORT,B,"Оплата есть в ETM, акт 1С за месяц не выгружен",clarify,342700.0
Сатар уулу Санжар,2026-06-03 09:37:44,ETM,57337646,364300.0,ETM_PAYMENT_IN_MISSING_ACT_MONTH,EXPORT,B,"Оплата есть в ETM, акт 1С за месяц не выгружен",clarify,364300.0
Сатар уулу Санжар,2026-06-12 11:49:17,ETM,57360373,366400.0,ETM_PAYMENT_IN_MISSING_ACT_MONTH,EXPORT,B,"Оплата есть в ETM, акт 1С за месяц не выгружен",clarify,366400.0
Сатар уулу Санжар,2026-07-29 16:52:36,ETM,57493417,375900.0,REPEATED_CREDIT,BOT,A,"Оплата на 375,900.00 повторно зачислена в ETM через 29.0 ч, в 1С поступление одно",etm,375900.0
Сыдыков С. У.,2026-05-25 11:13:27,ETM,57314270,212800.0,ETM_PAYMENT_IN_MISSING_ACT_MONTH,EXPORT,B,"Оплата есть в ETM, акт 1С за месяц не выгружен",clarify,212800.0
Сыдыков С. У.,2026-05-18 18:02:00,ETM,57294254,222200.0,ETM_PAYMENT_IN_MISSING_ACT_MONTH,EXPORT,B,"Оплата есть в ETM, акт 1С за месяц не выгружен",clarify,222200.0
ТАЛАС ЭЙР,2026-07-19 17:04:31,ETM,57462731,205400.0,REPEATED_CREDIT,BOT,A,"Оплата на 205,400.00 повторно зачислена в ETM через 69.5 ч, в 1С поступление одно",etm,205400.0
Тянь-Шань Тур,2026-05-01 19:35:49,ETM,57240989,159000.0,ETM_PAYMENT_IN_MISSING_ACT_MONTH,EXPORT,B,"Оплата есть в ETM, акт 1С за месяц не выгружен",clarify,159000.0
Тянь-Шань Тур,2026-04-16 17:29:46,ETM,57210029,160200.0,ETM_PAYMENT_IN_MISSING_ACT_MONTH,EXPORT,B,"Оплата есть в ETM, акт 1С за месяц не выгружен",clarify,160200.0
Тянь-Шань Тур,2026-05-07 13:55:14,ETM,57260584,216200.0,ETM_PAYMENT_IN_MISSING_ACT_MONTH,EXPORT,B,"Оплата есть в ETM, акт 1С за месяц не выгружен",clarify,216200.0
Тянь-Шань Тур,2026-04-20 15:28:49,ETM,57216703,219100.0,ETM_PAYMENT_IN_MISSING_ACT_MONTH,EXPORT,B,"Оплата есть в ETM, акт 1С за месяц не выгружен",clarify,219100.0
Тянь-Шань Тур,2026-07-07 15:00:53,ETM,57433087,288600.0,REPEATED_CREDIT,BOT,A,"Оплата на 288,600.00 повторно зачислена в ETM через 22.2 ч, в 1С поступление одно",etm,288600.0
Тянь-Шань Тур,2026-04-14 14:04:38,ETM,57206242,350600.0,ETM_PAYMENT_IN_MISSING_ACT_MONTH,EXPORT,B,"Оплата есть в ETM, акт 1С за месяц не выгружен",clarify,350600.0
ЧОЛПОН ТУР,2026-04-25 09:40:04,ETM,57227795,152400.0,ETM_PAYMENT_IN_MISSING_ACT_MONTH,EXPORT,B,"Оплата есть в ETM, акт 1С за месяц не выгружен",clarify,152400.0
ЧОЛПОН ТУР,2026-04-27 13:48:53,ETM,57231494,166500.0,ETM_PAYMENT_IN_MISSING_ACT_MONTH,EXPORT,B,"Оплата есть в ETM, акт 1С за месяц не выгружен",clarify,166500.0
ЧОЛПОН ТУР,2026-03-20 17:00:21,ETM,57159137,175900.0,ETM_PAYMENT_IN_MISSING_ACT_MONTH,EXPORT,B,"Оплата есть в ETM, акт 1С за месяц не выгружен",clarify,175900.0
ЧОЛПОН ТУР,2026-04-16 16:51:28,ETM,57210020,192300.0,ETM_PAYMENT_IN_MISSING_ACT_MONTH,EXPORT,B,"Оплата есть в ETM, акт 1С за месяц не выгружен",clarify,192300.0
ЧОЛПОН ТУР,2026-04-28 11:47:30,ETM,57233713,250900.0,ETM_PAYMENT_IN_MISSING_ACT_MONTH,EXPORT,B,"Оплата есть в ETM, акт 1С за месяц не выгружен",clarify,250900.0
ЧОЛПОН ЭЙР,2026-05-13 19:05:10,ETM,57278297,335700.0,REPEATED_CREDIT,BOT,A,"Оплата на 335,700.00 повторно зачислена в ETM через 10.0 ч, в 1С поступление одно",etm,335700.0
Чолпон Тревел,2026-05-21 17:29:01,ETM,57303368,157000.0,ETM_PAYMENT_IN_MISSING_ACT_MONTH,EXPORT,B,"Оплата есть в ETM, акт 1С за месяц не выгружен",clarify,157000.0
Чолпон Тревел,2026-05-30 19:50:07,ETM,57327486,187000.0,ETM_PAYMENT_IN_MISSING_ACT_MONTH,EXPORT,B,"Оплата есть в ETM, акт 1С за месяц не выгружен",clarify,187000.0
Чолпон Тревел,2026-05-19 12:09:57,ETM,57297279,232200.0,ETM_PAYMENT_IN_MISSING_ACT_MONTH,EXPORT,B,"Оплата есть в ETM, акт 1С за месяц не выгружен",clarify,232200.0
Чынар уулу Эмир,2026-03-19 15:19:53,ETM,57156844,271500.0,ETM_PAYMENT_IN_MISSING_ACT_MONTH,EXPORT,B,"Оплата есть в ETM, акт 1С за месяц не выгружен",clarify,271500.0
Чынар уулу Эмир,2026-03-11 12:56:27,ETM,57139051,335500.0,ETM_PAYMENT_IN_MISSING_ACT_MONTH,EXPORT,B,"Оплата есть в ETM, акт 1С за месяц не выгружен",clarify,335500.0
Чынар уулу Эмир,2026-03-22 19:58:31,ETM,57163336,364400.0,ETM_PAYMENT_IN_MISSING_ACT_MONTH,EXPORT,B,"Оплата есть в ETM, акт 1С за месяц не выгружен",clarify,364400.0
Чынар уулу Эмир,2026-02-22 11:53:13,ETM,57102637,381200.0,ETM_PAYMENT_IN_MISSING_ACT_MONTH,EXPORT,B,"Оплата есть в ETM, акт 1С за месяц не выгружен",clarify,381200.0
ЫЙЫК ЭКСПРЕСС,2026-01-03 19:30:34,ETM,57002416,237400.0,REPEATED_CREDIT,BOT,A,"Оплата на 237,400.00 повторно зачислена в ETM через 32.9 ч, в 1С поступление одно",etm,237400.0
Ыйык Авиакасса,2026-06-14 10:16:42,ETM,57358175,171900.0,REPEATED_CREDIT,BOT,A,"Оплата на 171,900.00 повторно зачислена в ETM через 64.9 ч, в 1С поступление одно",etm,171900.0
Ыйык Тур,2026-05-02 08:49:27,ETM,57240708,245400.0,REPEATED_CREDIT,BOT,A,"Оплата на 245,400.00 повторно зачислена в ETM через 21.2 ч, в 1С поступление одно",etm,245400.0
Ыйык Тур,2026-01-13 12:56:24,ETM,57021400,529600.0,REPEATED_CREDIT,BOT,A,"Оплата на 529,600.00 повторно зачислена в ETM через 23.7 ч, в 1С поступление одно",etm,529600.0
ИП Турсунов Т. А.,2026-01-29 00:00:00,1C,"Поступление на р/с, п/п ЦБ-С000342",214800.0,PAYMENT_NOT_IN_ETM,BOT,B,"Поступление 214,800.00 есть в 1С, зачисления на баланс ETM нет",etm,-214800.0
ИП Турсунов Т. А.,2026-05-12 00:00:00,1C,"Поступление на р/с, п/п ЦБ-С000584",289500.0,PAYMENT_NOT_IN_ETM,BOT,B,"Поступление 289,500.00 есть в 1С, зачисления на баланс ETM нет",etm,-289500.0
Жибек Эйр,2026-01-15 00:00:00,1C,"Поступление на р/с, п/п ЦБ-С001389",300600.0,PAYMENT_NOT_IN_ETM,BOT,B,"Поступление 300,600.00 есть в 1С, зачисления на баланс ETM нет",etm,-300600.0
Жибек Эйр,2026-01-17 00:00:00,1C,"Поступление на р/с, п/п ЦБ-С000401",275900.0,PAYMENT_NOT_IN_ETM,BOT,B,"Поступление 275,900.00 есть в 1С, зачисления на баланс ETM нет",etm,-275900.0
Жибек Эйр,2026-02-13 00:00:00,1C,"Поступление на р/с, п/п ЦБ-С000030",167700.0,PAYMENT_NOT_IN_ETM,BOT,B,"Поступление 167,700.00 есть в 1С, зачисления на баланс ETM нет",etm,-167700.0
Жибек Эйр,2026-07-06 00:00:00,1C,"Поступление на р/с, п/п ЦБ-С000973",221600.0,PAYMENT_NOT_IN_ETM,BOT,B,"Поступление 221,600.00 есть в 1С, зачисления на баланс ETM нет",etm,-221600.0
ОсОО Иссык Тур,2026-02-02 00:00:00,1C,"Поступление на р/с, п/п ЦБ-С001436",270300.0,PAYMENT_NOT_IN_ETM,BOT,B,"Поступление 270,300.00 есть в 1С, зачисления на баланс ETM нет",etm,-270300.0
ОсОО Иссык Тур,2026-03-02 00:00:00,1C,"Поступление на р/с, п/п ЦБ-С000650",187000.0,PAYMENT_NOT_IN_ETM,BOT,B,"Поступление 187,000.00 есть в 1С, зачисления на баланс ETM нет",etm,-187000.0
ОсОО Иссык Тур,2026-03-24 00:00:00,1C,"Поступление на р/с, п/п ЦБ-С001824",291200.0,PAYMENT_NOT_IN_ETM,BOT,B,"Поступление 291,200.00 есть в 1С, зачисления на баланс ETM нет",etm,-291200.0
ОсОО Ала-Арча Авиа,2026-02-27 00:00:00,1C,Приход в кассу ЦБ-С000804,228600.0,PAYMENT_NOT_IN_ETM,BOT,B,"Поступление 228,600.00 есть в 1С, зачисления на баланс ETM нет",etm,-228600.0
ОсОО Ала-Арча Авиа,2026-07-24 00:00:00,1C,"Поступление на р/с, п/п ЦБ-С002057",218300.0,PAYMENT_NOT_IN_ETM,BOT,B,"Поступление 218,300.00 есть в 1С, зачисления на баланс ETM нет",etm,-218300.0
Урматов Эрлан Сагынович,2026-04-23 00:00:00,1C,"Поступление на р/с, п/п ЦБ-С002346",185000.0,PAYMENT_WRONG_AGENT,BOT,B,"Поступление 185,000.00 по 1С у этого субагента, в ETM такая оплата зачислена субагенту «Сатар уулу Санжар»",etm,-185000.0
Урматов Эрлан Сагынович,2026-06-24 00:00:00,1C,"Поступление на р/с, п/п ЦБ-С000666",319700.0,PAYMENT_NOT_IN_ETM,BOT,B,"Поступление 319,700.00 есть в 1С, зачисления на баланс ETM нет",etm,-319700.0
МУРАС ТРИП,2026-01-12 00:00:00,1C,"Поступление на р/с, п/п ЦБ-С001934",120000.0,PAYMENT_NOT_IN_ETM,BOT,B,"Поступление 120,000.00 есть в 1С, зачисления на баланс ETM нет",etm,-120000.0
МУРАС ТРИП,2026-01-13 00:00:00,1C,"Поступление на р/с, п/п ЦБ-С001184",300800.0,PAYMENT_NOT_IN_ETM,BOT,B,"Поступление 300,800.00 есть в 1С, зачисления на баланс ETM нет",etm,-300800.0
МУРАС ТРИП,2026-02-09 00:00:00,1C,"Поступление на р/с, п/п ЦБ-С000994",211000.0,PAYMENT_NOT_IN_ETM,BOT,B,"Поступление 211,000.00 есть в 1С, зачисления на баланс ETM нет",etm,-211000.0
МУРАС ТРИП,2026-04-21 00:00:00,1C,Приход в кассу ЦБ-С001715,264300.0,PAYMENT_NOT_IN_ETM,BOT,B,"Поступление 264,300.00 есть в 1С, зачисления на баланс ETM нет",etm,-264300.0
САЛАМ ВОЯЖ,2026-01-27 00:00:00,1C,"Поступление на р/с, п/п ЦБ-С000487",187700.0,PAYMENT_NOT_IN_ETM,BOT,B,"Поступление 187,700.00 есть в 1С, зачисления на баланс ETM нет",etm,-187700.0
Ыйык Тур,2026-02-27 00:00:00,1C,"Поступление на р/с, п/п ЦБ-С000298",506000.0,PAYMENT_NOT_IN_ETM,BOT,B,"Поступление 506,000.00 есть в 1С, зачисления на баланс ETM нет",etm,-506000.0
Ыйык Тур,2026-02-28 00:00:00,1C,"Поступление на р/с, п/п ЦБ-С002168",442400.0,PAYMENT_NOT_IN_ETM,BOT,B,"Поступление 442,400.00 есть в 1С, зачисления на баланс ETM нет",etm,-442400.0
Ыйык Тур,2026-06-02 00:00:00,1C,"Поступление на р/с, п/п ЦБ-С000820",210700.0,PAYMENT_NOT_IN_ETM,BOT,B,"Поступление 210,700.00 есть в 1С, зачисления на баланс ETM нет",etm,-210700.0
Ыйык Тур,2026-06-15 00:00:00,1C,"Поступление на р/с, п/п ЦБ-С000145",281700.0,PAYMENT_NOT_IN_ETM,BOT,B,"Поступление 281,700.00 есть в 1С, зачисления на баланс ETM нет",etm,-281700.0
Ыйык Тур,2026-06-24 00:00:00,1C,Приход в кассу ЦБ-С000006,339400.0,PAYMENT_NOT_IN_ETM,BOT,B,"Поступление 339,400.00 есть в 1С, зачисления на баланс ETM нет",etm,-339400.0
Ыйык Тур,2026-07-17 00:00:00,1C,"Поступление на р/с, п/п ЦБ-С001537",237800.0,PAYMENT_NOT_IN_ETM,BOT,B,"Поступление 237,800.00 есть в 1С, зачисления на баланс ETM нет",etm,-237800.0
Ыйык Тур,2026-07-23 00:00:00,1C,Приход в кассу ЦБ-С002206,312200.0,PAYMENT_NOT_IN_ETM,BOT,B,"Поступление 312,200.00 есть в 1С, зачисления на баланс ETM нет",etm,-312200.0
ОсОО Чолпон Авиакасса,2026-01-26 00:00:00,1C,Приход в кассу ЦБ-С001190,341900.0,PAYMENT_NOT_IN_ETM,BOT,B,"Поступление 341,900.00 есть в 1С, зачисления на баланс ETM нет",etm,-341900.0
ОсОО Чолпон Авиакасса,2026-07-23 00:00:00,1C,"Поступление на р/с, п/п ЦБ-С002391",208300.0,PAYMENT_NOT_IN_ETM,BOT,B,"Поступление 208,300.00 есть в 1С, зачисления на баланс ETM нет",etm,-208300.0
Эсенбек уулу Азамат,2026-06-04 00:00:00,1C,"Поступление на р/с, п/п ЦБ-С002169",169500.0,PAYMENT_NOT_IN_ETM,BOT,B,"Поступление 169,500.00 есть в 1С, зачисления на баланс ETM нет",etm,-169500.0
Осмонова А. Н.,2026-05-18 00:00:00,1C,"Поступление на р/с, п/п ЦБ-С002359",493300.0,PAYMENT_NOT_IN_ETM,BOT,B,"Поступление 493,300.00 есть в 1С, зачисления на баланс ETM нет",etm,-493300.0
ТЯНЬ-ШАНЬ ЭКСПРЕСС,2026-03-19 00:00:00,1C,"Поступление на р/с, п/п ЦБ-С000793",329100.0,PAYMENT_NOT_IN_ETM,BOT,B,"Поступление 329,100.00 есть в 1С, зачисления на баланс ETM нет",etm,-329100.0
Steppe Travel,2026-03-11 00:00:00,1C,"Поступление на р/с, п/п ЦБ-С002297",354300.0,PAYMENT_NOT_IN_ETM,BOT,B,"Поступление 354,300.00 есть в 1С, зачисления на баланс ETM нет",etm,-354300.0
Steppe Travel,2026-03-24 00:00:00,1C,"Поступление на р/с, п/п ЦБ-С000224",453100.0,PAYMENT_NOT_IN_ETM,BOT,B,"Поступление 453,100.00 есть в 1С, зачисления на баланс ETM нет",etm,-453100.0
СОН-КУЛЬ ТУР,2026-01-30 00:00:00,1C,"Поступление на р/с, п/п ЦБ-С001974",282800.0,PAYMENT_NOT_IN_ETM,BOT,B,"Поступление 282,800.00 есть в 1С, зачисления на баланс ETM нет",etm,-282800.0
Жибек Авиакасса,2026-01-09 00:00:00,1C,"Поступление на р/с, п/п ЦБ-С001210",177100.0,PAYMENT_NOT_IN_ETM,BOT,B,"Поступление 177,100.00 есть в 1С, зачисления на баланс ETM нет",etm,-177100.0
Жибек Авиакасса,2026-02-17 00:00:00,1C,Приход в кассу ЦБ-С000458,160000.0,PAYMENT_NOT_IN_ETM,BOT,B,"Поступление 160,000.00 есть в 1С, зачисления на баланс ETM нет",etm,-160000.0
Жибек Авиакасса,2026-07-07 00:00:00,1C,"Поступление на р/с, п/п ЦБ-С000439",173100.0,PAYMENT_NOT_IN_ETM,BOT,B,"Поступление 173,100.00 есть в 1С, зачисления на баланс ETM нет",etm,-173100.0
Жибек Авиакасса,2026-07-24 00:00:00,1C,"Поступление на р/с, п/п ЦБ-С002163",168900.0,PAYMENT_NOT_IN_ETM,BOT,B,"Поступление 168,900.00 есть в 1С, зачисления на баланс ETM нет",etm,-168900.0
Кенешова Чолпон Таалайовна,2026-02-14 00:00:00,1C,"Поступление на р/с, п/п ЦБ-С001567",243500.0,PAYMENT_NOT_IN_ETM,BOT,B,"Поступление 243,500.00 есть в 1С, зачисления на баланс ETM нет",etm,-243500.0
ИП Асанов К. Б.,2026-06-22 00:00:00,1C,"Поступление на р/с, п/п ЦБ-С000340",199600.0,PAYMENT_NOT_IN_ETM,BOT,B,"Поступление 199,600.00 есть в 1С, зачисления на баланс ETM нет",etm,-199600.0
БАЙТУР ТУРИЗМ,2026-02-11 00:00:00,1C,"Поступление на р/с, п/п ЦБ-С000665",309400.0,PAYMENT_NOT_IN_ETM,BOT,B,"Поступление 309,400.00 есть в 1С, зачисления на баланс ETM нет",etm,-309400.0
ИП Бейшенова Д. О.,2026-05-14 00:00:00,1C,"Поступление на р/с, п/п ЦБ-С000945",415100.0,PAYMENT_NOT_IN_ETM,BOT,B,"Поступление 415,100.00 есть в 1С, зачисления на баланс ETM нет",etm,-415100.0
ИП Бейшенова Д. О.,2026-06-04 00:00:00,1C,"Поступление на р/с, п/п ЦБ-С002109",229400.0,PAYMENT_NOT_IN_ETM,BOT,B,"Поступление 229,400.00 есть в 1С, зачисления на баланс ETM нет",etm,-229400.0
Сатар уулу Санжар,2026-01-27 00:00:00,1C,Приход в кассу ЦБ-С001037,156600.0,PAYMENT_NOT_IN_ETM,BOT,B,"Поступление 156,600.00 есть в 1С, зачисления на баланс ETM нет",etm,-156600.0
Сатар уулу Санжар,2026-03-18 00:00:00,1C,Приход в кассу ЦБ-С001587,160300.0,PAYMENT_NOT_IN_ETM,BOT,B,"Поступление 160,300.00 есть в 1С, зачисления на баланс ETM нет",etm,-160300.0
Сатар уулу Санжар,2026-03-18 00:00:00,1C,"Поступление на р/с, п/п ЦБ-С002036",300500.0,PAYMENT_NOT_IN_ETM,BOT,B,"Поступление 300,500.00 есть в 1С, зачисления на баланс ETM нет",etm,-300500.0
Сатар уулу Санжар,2026-03-30 00:00:00,1C,"Поступление на р/с, п/п ЦБ-С000778",324500.0,PAYMENT_NOT_IN_ETM,BOT,B,"Поступление 324,500.00 есть в 1С, зачисления на баланс ETM нет",etm,-324500.0
Сатар уулу Санжар,2026-05-16 00:00:00,1C,"Поступление на р/с, п/п ЦБ-С000237",217600.0,PAYMENT_NOT_IN_ETM,BOT,B,"Поступление 217,600.00 есть в 1С, зачисления на баланс ETM нет",etm,-217600.0
Сатар уулу Санжар,2026-07-29 00:00:00,1C,"Поступление на р/с, п/п ЦБ-С000891",337400.0,PAYMENT_NOT_IN_ETM,BOT,B,"Поступление 337,400.00 есть в 1С, зачисления на баланс ETM нет",etm,-337400.0
Сатар уулу Санжар,2026-07-30 00:00:00,1C,"Поступление на р/с, п/п ЦБ-С002238",243400.0,PAYMENT_NOT_IN_ETM,BOT,B,"Поступление 243,400.00 есть в 1С, зачисления на баланс ETM нет",etm,-243400.0
Ак-Куу Тур,2026-03-11 00:00:00,1C,"Поступление на р/с, п/п ЦБ-С001396",330300.0,PAYMENT_NOT_IN_ETM,BOT,B,"Поступление 330,300.00 есть в 1С, зачисления на баланс ETM нет",etm,-330300.0
Манас Тревел,2026-01-27 00:00:00,1C,Приход в кассу ЦБ-С000808,247400.0,PAYMENT_NOT_IN_ETM,BOT,B,"Поступление 247,400.00 есть в 1С, зачисления на баланс ETM нет",etm,-247400.0
Манас Тревел,2026-03-01 00:00:00,1C,"Поступление на р/с, п/п ЦБ-С000403",222900.0,PAYMENT_NOT_IN_ETM,BOT,B,"Поступление 222,900.00 есть в 1С, зачисления на баланс ETM нет",etm,-222900.0
Манас Тревел,2026-04-25 00:00:00,1C,Приход в кассу ЦБ-С001963,222700.0,PAYMENT_NOT_IN_ETM,BOT,B,"Поступление 222,700.00 есть в 1С, зачисления на баланс ETM нет",etm,-222700.0
Tengri Trip,2026-05-14 00:00:00,1C,"Поступление на р/с, п/п ЦБ-С001079",231900.0,PAYMENT_NOT_IN_ETM,BOT,B,"Поступление 231,900.00 есть в 1С, зачисления на баланс ETM нет",etm,-231900.0
Tengri Trip,2026-06-05 00:00:00,1C,"Поступление на р/с, п/п ЦБ-С001371",362100.0,PAYMENT_NOT_IN_ETM,BOT,B,"Поступление 362,100.00 есть в 1С, зачисления на баланс ETM нет",etm,-362100.0
ОсОО Ала-Арча Трип,2026-02-28 00:00:00,1C,Приход в кассу ЦБ-С001544,156200.0,PAYMENT_NOT_IN_ETM,BOT,B,"Поступление 156,200.00 есть в 1С, зачисления на баланс ETM нет",etm,-156200.0
Джолдош уулу Эмир,2026-02-26 00:00:00,1C,Приход в кассу ЦБ-С000341,165200.0,PAYMENT_NOT_IN_ETM,BOT,B,"Поступление 165,200.00 есть в 1С, зачисления на баланс ETM нет",etm,-165200.0
Джолдош уулу Эмир,2026-03-16 00:00:00,1C,"Поступление на р/с, п/п ЦБ-С001270",241000.0,PAYMENT_NOT_IN_ETM,BOT,B,"Поступление 241,000.00 есть в 1С, зачисления на баланс ETM нет",etm,-241000.0
Джолдош уулу Эмир,2026-06-01 00:00:00,1C,"Поступление на р/с, п/п ЦБ-С001320",266100.0,PAYMENT_NOT_IN_ETM,BOT,B,"Поступление 266,100.00 есть в 1С, зачисления на баланс ETM нет",etm,-266100.0
Джолдош уулу Эмир,2026-07-09 00:00:00,1C,"Поступление на р/с, п/п ЦБ-С001387",144800.0,PAYMENT_NOT_IN_ETM,BOT,B,"Поступление 144,800.00 есть в 1С, зачисления на баланс ETM нет",etm,-144800.0
Джолдош уулу Эмир,2026-07-29 00:00:00,1C,"Поступление на р/с, п/п ЦБ-С001964",275500.0,PAYMENT_NOT_IN_ETM,BOT,B,"Поступление 275,500.00 есть в 1С, зачисления на баланс ETM нет",etm,-275500.0
Салам Авиакасса,2026-03-31 00:00:00,1C,"Поступление на р/с, п/п ЦБ-С001614",188600.0,PAYMENT_NOT_IN_ETM,BOT,B,"Поступление 188,600.00 есть в 1С, зачисления на баланс ETM нет",etm,-188600.0
Салам Авиакасса,2026-05-26 00:00:00,1C,Приход в кассу ЦБ-С001442,281800.0,PAYMENT_NOT_IN_ETM,BOT,B,"Поступление 281,800.00 есть в 1С, зачисления на баланс ETM нет",etm,-281800.0
Джолдош уулу Руслан,2026-04-24 00:00:00,1C,"Поступление на р/с, п/п ЦБ-С000203",706600.0,PAYMENT_NOT_IN_ETM,BOT,B,"Поступление 706,600.00 есть в 1С, зачисления на баланс ETM нет",etm,-706600.0
Асанов Кубат Чынаревич,2026-06-11 00:00:00,1C,"Поступление на р/с, п/п ЦБ-С001133",288100.0,PAYMENT_NOT_IN_ETM,BOT,B,"Поступление 288,100.00 есть в 1С, зачисления на баланс ETM нет",etm,-288100.0
Джолдошова Салтанат Сатаревна,2026-01-06 00:00:00,1C,"Поступление на р/с, п/п ЦБ-С000435",135200.0,PAYMENT_NOT_IN_ETM,BOT,B,"Поступление 135,200.00 есть в 1С, зачисления на баланс ETM нет",etm,-135200.0
Джолдошова Салтанат Сатаревна,2026-01-25 00:00:00,1C,"Поступление на р/с, п/п ЦБ-С000014",174400.0,PAYMENT_NOT_IN_ETM,BOT,B,"Поступление 174,400.00 есть в 1С, зачисления на баланс ETM нет",etm,-174400.0
Джолдошова Салтанат Сатаревна,2026-01-31 00:00:00,1C,"Поступление на р/с, п/п ЦБ-С001170",193000.0,PAYMENT_NOT_IN_ETM,BOT,B,"Поступление 193,000.00 есть в 1С, зачисления на баланс ETM нет",etm,-193000.0
Джолдошова Салтанат Сатаревна,2026-02-03 00:00:00,1C,"Поступление на р/с, п/п ЦБ-С002002",143000.0,PAYMENT_NOT_IN_ETM,BOT,B,"Поступление 143,000.00 есть в 1С, зачисления на баланс ETM нет",etm,-143000.0
Джолдошова Салтанат Сатаревна,2026-03-26 00:00:00,1C,"Поступление на р/с, п/п ЦБ-С002124",195500.0,PAYMENT_NOT_IN_ETM,BOT,B,"Поступление 195,500.00 есть в 1С, зачисления на баланс ETM нет",etm,-195500.0
Джолдошова Салтанат Сатаревна,2026-04-06 00:00:00,1C,Приход в кассу ЦБ-С001229,213200.0,PAYMENT_NOT_IN_ETM,BOT,B,"Поступление 213,200.00 есть в 1С, зачисления на баланс ETM нет",etm,-213200.0
Джолдошова Салтанат Сатаревна,2026-05-25 00:00:00,1C,"Поступление на р/с, п/п ЦБ-С001234",158000.0,PAYMENT_NOT_IN_ETM,BOT,B,"Поступление 158,000.00 есть в 1С, зачисления на баланс ETM нет",etm,-158000.0
Джолдошова Салтанат Сатаревна,2026-07-11 00:00:00,1C,"Поступление на р/с, п/п ЦБ-С001206",210800.0,PAYMENT_NOT_IN_ETM,BOT,B,"Поступление 210,800.00 есть в 1С, зачисления на баланс ETM нет",etm,-210800.0
Абдыраманова Д. А.,2026-01-26 00:00:00,1C,"Поступление на р/с, п/п ЦБ-С001185",348900.0,PAYMENT_NOT_IN_ETM,BOT,B,"Поступление 348,900.00 есть в 1С, зачисления на баланс ETM нет",etm,-348900.0
Абдыраманова Д. А.,2026-05-31 00:00:00,1C,"Поступление на р/с, п/п ЦБ-С001306",493600.0,PAYMENT_NOT_IN_ETM,BOT,B,"Поступление 493,600.00 есть в 1С, зачисления на баланс ETM нет",etm,-493600.0
Абдылда уулу Б.,2026-01-26 00:00:00,1C,Приход в кассу ЦБ-С001881,386500.0,PAYMENT_NOT_IN_ETM,BOT,B,"Поступление 386,500.00 есть в 1С, зачисления на баланс ETM нет",etm,-386500.0
Абдылда уулу Б.,2026-02-20 00:00:00,1C,"Поступление на р/с, п/п ЦБ-С001727",278200.0,PAYMENT_NOT_IN_ETM,BOT,B,"Поступление 278,200.00 есть в 1С, зачисления на баланс ETM нет",etm,-278200.0
Абдылда уулу Б.,2026-03-26 00:00:00,1C,"Поступление на р/с, п/п ЦБ-С000197",325100.0,PAYMENT_NOT_IN_ETM,BOT,B,"Поступление 325,100.00 есть в 1С, зачисления на баланс ETM нет",etm,-325100.0
Абдылда уулу Б.,2026-04-09 00:00:00,1C,"Поступление на р/с, п/п ЦБ-С001622",288600.0,PAYMENT_NOT_IN_ETM,BOT,B,"Поступление 288,600.00 есть в 1С, зачисления на баланс ETM нет",etm,-288600.0
Абдылда уулу Б.,2026-05-18 00:00:00,1C,"Поступление на р/с, п/п ЦБ-С000088",389200.0,PAYMENT_NOT_IN_ETM,BOT,B,"Поступление 389,200.00 есть в 1С, зачисления на баланс ETM нет",etm,-389200.0
ИП Жумабекова Б. Н.,2026-04-28 00:00:00,1C,"Поступление на р/с, п/п ЦБ-С001880",323100.0,PAYMENT_NOT_IN_ETM,BOT,B,"Поступление 323,100.00 есть в 1С, зачисления на баланс ETM нет",etm,-323100.0
Кадырова Айнура Жумабекевна,2026-02-07 00:00:00,1C,"Поступление на р/с, п/п ЦБ-С001600",314100.0,PAYMENT_NOT_IN_ETM,BOT,B,"Поступление 314,100.00 есть в 1С, зачисления на баланс ETM нет",etm,-314100.0
Кадырова Айнура Жумабекевна,2026-03-08 00:00:00,1C,Приход в кассу ЦБ-С000475,331500.0,PAYMENT_NOT_IN_ETM,BOT,B,"Поступление 331,500.00 есть в 1С, зачисления на баланс ETM нет",etm,-331500.0
Кадырова Айнура Жумабекевна,2026-03-12 00:00:00,1C,"Поступление на р/с, п/п ЦБ-С001217",328400.0,PAYMENT_NOT_IN_ETM,BOT,B,"Поступление 328,400.00 есть в 1С, зачисления на баланс ETM нет",etm,-328400.0
Кадырова Айнура Жумабекевна,2026-03-14 00:00:00,1C,"Поступление на р/с, п/п ЦБ-С001515",326700.0,PAYMENT_NOT_IN_ETM,BOT,B,"Поступление 326,700.00 есть в 1С, зачисления на баланс ETM нет",etm,-326700.0
Кадырова Айнура Жумабекевна,2026-05-05 00:00:00,1C,"Поступление на р/с, п/п ЦБ-С001643",263000.0,PAYMENT_NOT_IN_ETM,BOT,B,"Поступление 263,000.00 есть в 1С, зачисления на баланс ETM нет",etm,-263000.0
Кадырова Айнура Жумабекевна,2026-07-05 00:00:00,1C,"Поступление на р/с, п/п ЦБ-С000209",205500.0,PAYMENT_NOT_IN_ETM,BOT,B,"Поступление 205,500.00 есть в 1С, зачисления на баланс ETM нет",etm,-205500.0
Манас Тур,2026-01-23 00:00:00,1C,"Поступление на р/с, п/п ЦБ-С001498",253800.0,PAYMENT_NOT_IN_ETM,BOT,B,"Поступление 253,800.00 есть в 1С, зачисления на баланс ETM нет",etm,-253800.0
Манас Тур,2026-04-11 00:00:00,1C,"Поступление на р/с, п/п ЦБ-С000711",190100.0,PAYMENT_NOT_IN_ETM,BOT,B,"Поступление 190,100.00 есть в 1С, зачисления на баланс ETM нет",etm,-190100.0
Манас Тур,2026-04-12 00:00:00,1C,Приход в кассу ЦБ-С001651,163500.0,PAYMENT_NOT_IN_ETM,BOT,B,"Поступление 163,500.00 есть в 1С, зачисления на баланс ETM нет",etm,-163500.0
ИП Муратов Э. У.,2026-01-05 00:00:00,1C,"Поступление на р/с, п/п ЦБ-С000968",243200.0,PAYMENT_NOT_IN_ETM,BOT,B,"Поступление 243,200.00 есть в 1С, зачисления на баланс ETM нет",etm,-243200.0
ИП Муратов Э. У.,2026-02-22 00:00:00,1C,"Поступление на р/с, п/п ЦБ-С001370",321000.0,PAYMENT_NOT_IN_ETM,BOT,B,"Поступление 321,000.00 есть в 1С, зачисления на баланс ETM нет",etm,-321000.0
Bishkek Fly,2026-02-03 00:00:00,1C,"Поступление на р/с, п/п ЦБ-С001486",293700.0,PAYMENT_NOT_IN_ETM,BOT,B,"Поступление 293,700.00 есть в 1С, зачисления на баланс ETM нет",etm,-293700.0
Bishkek Fly,2026-04-01 00:00:00,1C,"Поступление на р/с, п/п ЦБ-С000973",296900.0,PAYMENT_NOT_IN_ETM,BOT,B,"Поступление 296,900.00 есть в 1С, зачисления на баланс ETM нет",etm,-296900.0
ЫЙЫК ЭКСПРЕСС,2026-04-05 00:00:00,1C,Приход в кассу ЦБ-С001121,106600.0,PAYMENT_NOT_IN_ETM,BOT,B,"Поступление 106,600.00 есть в 1С, зачисления на баланс ETM нет",etm,-106600.0
ЫЙЫК ЭКСПРЕСС,2026-06-14 00:00:00,1C,"Поступление на р/с, п/п ЦБ-С000258",196000.0,PAYMENT_NOT_IN_ETM,BOT,B,"Поступление 196,000.00 есть в 1С, зачисления на баланс ETM нет",etm,-196000.0
Салам Экспресс,2026-05-27 00:00:00,1C,Приход в кассу ЦБ-С000009,173000.0,PAYMENT_NOT_IN_ETM,BOT,B,"Поступление 173,000.00 есть в 1С, зачисления на баланс ETM нет",etm,-173000.0
Чынарова Бурул Джолдошовна,2026-03-01 00:00:00,1C,Приход в кассу ЦБ-С000554,180400.0,PAYMENT_NOT_IN_ETM,BOT,B,"Поступление 180,400.00 есть в 1С, зачисления на баланс ETM нет",etm,-180400.0
Чынарова Бурул Джолдошовна,2026-05-06 00:00:00,1C,"Поступление на р/с, п/п ЦБ-С000048",95000.0,PAYMENT_NOT_IN_ETM,BOT,B,"Поступление 95,000.00 есть в 1С, зачисления на баланс ETM нет",etm,-95000.0
Эсенбеков Кубат Элдияревич,2026-02-06 00:00:00,1C,"Поступление на р/с, п/п ЦБ-С000016",203300.0,PAYMENT_NOT_IN_ETM,BOT,B,"Поступление 203,300.00 есть в 1С, зачисления на баланс ETM нет",etm,-203300.0
Эсенбеков Кубат Элдияревич,2026-02-25 00:00:00,1C,"Поступление на р/с, п/п ЦБ-С001338",177700.0,PAYMENT_NOT_IN_ETM,BOT,B,"Поступление 177,700.00 есть в 1С, зачисления на баланс ETM нет",etm,-177700.0
Эсенбеков Кубат Элдияревич,2026-03-14 00:00:00,1C,"Поступление на р/с, п/п ЦБ-С001906",125400.0,PAYMENT_NOT_IN_ETM,BOT,B,"Поступление 125,400.00 есть в 1С, зачисления на баланс ETM нет",etm,-125400.0
Эсенбеков Кубат Элдияревич,2026-06-11 00:00:00,1C,"Поступление на р/с, п/п ЦБ-С002301",209300.0,PAYMENT_NOT_IN_ETM,BOT,B,"Поступление 209,300.00 есть в 1С, зачисления на баланс ETM нет",etm,-209300.0
ОсОО Алтын Эйр,2026-01-21 00:00:00,1C,"Поступление на р/с, п/п ЦБ-С000355",305100.0,PAYMENT_NOT_IN_ETM,BOT,B,"Поступление 305,100.00 есть в 1С, зачисления на баланс ETM нет",etm,-305100.0
ОсОО Алтын Эйр,2026-02-22 00:00:00,1C,"Поступление на р/с, п/п ЦБ-С000680",284300.0,PAYMENT_NOT_IN_ETM,BOT,B,"Поступление 284,300.00 есть в 1С, зачисления на баланс ETM нет",etm,-284300.0
ОсОО Алтын Эйр,2026-05-05 00:00:00,1C,"Поступление на р/с, п/п ЦБ-С001465",377600.0,PAYMENT_NOT_IN_ETM,BOT,B,"Поступление 377,600.00 есть в 1С, зачисления на баланс ETM нет",etm,-377600.0
Issyk-Kul Air,2026-07-04 00:00:00,1C,"Поступление на р/с, п/п ЦБ-С000536",698600.0,PAYMENT_NOT_IN_ETM,BOT,B,"Поступление 698,600.00 есть в 1С, зачисления на баланс ETM нет",etm,-698600.0
Ыйык Авиакасса,2026-02-16 00:00:00,1C,"Поступление на р/с, п/п ЦБ-С001192",122500.0,PAYMENT_NOT_IN_ETM,BOT,B,"Поступление 122,500.00 есть в 1С, зачисления на баланс ETM нет",etm,-122500.0
Ыйык Авиакасса,2026-03-05 00:00:00,1C,"Поступление на р/с, п/п ЦБ-С000638",208900.0,PAYMENT_NOT_IN_ETM,BOT,B,"Поступление 208,900.00 есть в 1С, зачисления на баланс ETM нет",etm,-208900.0
Ыйык Авиакасса,2026-03-06 00:00:00,1C,Приход в кассу ЦБ-С002073,208500.0,PAYMENT_NOT_IN_ETM,BOT,B,"Поступление 208,500.00 есть в 1С, зачисления на баланс ETM нет",etm,-208500.0
Абдылдаов Д. М.,2026-01-18 00:00:00,1C,Приход в кассу ЦБ-С001369,134600.0,PAYMENT_NOT_IN_ETM,BOT,B,"Поступление 134,600.00 есть в 1С, зачисления на баланс ETM нет",etm,-134600.0
Абдылдаов Д. М.,2026-03-18 00:00:00,1C,"Поступление на р/с, п/п ЦБ-С000237",148900.0,PAYMENT_NOT_IN_ETM,BOT,B,"Поступление 148,900.00 есть в 1С, зачисления на баланс ETM нет",etm,-148900.0
Манас Туризм,2026-07-13 00:00:00,1C,Приход в кассу ЦБ-С000770,234600.0,PAYMENT_NOT_IN_ETM,BOT,B,"Поступление 234,600.00 есть в 1С, зачисления на баланс ETM нет",etm,-234600.0
Aylana Tour,2026-06-10 00:00:00,1C,Приход в кассу ЦБ-С000189,330800.0,PAYMENT_NOT_IN_ETM,BOT,B,"Поступление 330,800.00 есть в 1С, зачисления на баланс ETM нет",etm,-330800.0
Aylana Tour,2026-06-19 00:00:00,1C,"Поступление на р/с, п/п ЦБ-С000811",244900.0,PAYMENT_NOT_IN_ETM,BOT,B,"Поступление 244,900.00 есть в 1С, зачисления на баланс ETM нет",etm,-244900.0
Aylana Tour,2026-07-01 00:00:00,1C,"Поступление на р/с, п/п ЦБ-С000389",329400.0,PAYMENT_NOT_IN_ETM,BOT,B,"Поступление 329,400.00 есть в 1С, зачисления на баланс ETM нет",etm,-329400.0
КУТ ЭЙР,2026-01-09 00:00:00,1C,"Поступление на р/с, п/п ЦБ-С000005",141600.0,PAYMENT_NOT_IN_ETM,BOT,B,"Поступление 141,600.00 есть в 1С, зачисления на баланс ETM нет",etm,-141600.0
КУТ ЭЙР,2026-02-06 00:00:00,1C,"Поступление на р/с, п/п ЦБ-С000881",313600.0,PAYMENT_NOT_IN_ETM,BOT,B,"Поступление 313,600.00 есть в 1С, зачисления на баланс ETM нет",etm,-313600.0
КУТ ЭЙР,2026-03-07 00:00:00,1C,"Поступление на р/с, п/п ЦБ-С000887",136700.0,PAYMENT_NOT_IN_ETM,BOT,B,"Поступление 136,700.00 есть в 1С, зачисления на баланс ETM нет",etm,-136700.0
КУТ ЭЙР,2026-04-12 00:00:00,1C,Приход в кассу ЦБ-С000067,274300.0,PAYMENT_NOT_IN_ETM,BOT,B,"Поступление 274,300.00 есть в 1С, зачисления на баланс ETM нет",etm,-274300.0
КУТ ЭЙР,2026-07-06 00:00:00,1C,"Поступление на р/с, п/п ЦБ-С000833",256600.0,PAYMENT_NOT_IN_ETM,BOT,B,"Поступление 256,600.00 есть в 1С, зачисления на баланс ETM нет",etm,-256600.0
КУТ ЭЙР,2026-07-14 00:00:00,1C,"Поступление на р/с, п/п ЦБ-С002022",145100.0,PAYMENT_NOT_IN_ETM,BOT,B,"Поступление 145,100.00 есть в 1С, зачисления на баланс ETM нет",etm,-145100.0
ОсОО Кок-Жайык Вояж,2026-01-27 00:00:00,1C,"Поступление на р/с, п/п ЦБ-С000528",145800.0,PAYMENT_NOT_IN_ETM,BOT,B,"Поступление 145,800.00 есть в 1С, зачисления на баланс ETM нет",etm,-145800.0
ИП Элдиярова А. Ч.,2026-03-01 00:00:00,1C,"Поступление на р/с, п/п ЦБ-С000635",158500.0,PAYMENT_NOT_IN_ETM,BOT,B,"Поступление 158,500.00 есть в 1С, зачисления на баланс ETM нет",etm,-158500.0
SkyWay Travel,2026-01-04 00:00:00,1C,Приход в кассу ЦБ-С001798,398700.0,PAYMENT_NOT_IN_ETM,BOT,B,"Поступление 398,700.00 есть в 1С, зачисления на баланс ETM нет",etm,-398700.0
SkyWay Travel,2026-01-22 00:00:00,1C,"Поступление на р/с, п/п ЦБ-С000035",313600.0,PAYMENT_NOT_IN_ETM,BOT,B,"Поступление 313,600.00 есть в 1С, зачисления на баланс ETM нет",etm,-313600.0
SkyWay Travel,2026-02-03 00:00:00,1C,"Поступление на р/с, п/п ЦБ-С001968",452000.0,PAYMENT_NOT_IN_ETM,BOT,B,"Поступление 452,000.00 есть в 1С, зачисления на баланс ETM нет",etm,-452000.0
SkyWay Travel,2026-02-10 00:00:00,1C,"Поступление на р/с, п/п ЦБ-С001515",275500.0,PAYMENT_NOT_IN_ETM,BOT,B,"Поступление 275,500.00 есть в 1С, зачисления на баланс ETM нет",etm,-275500.0
SkyWay Travel,2026-02-20 00:00:00,1C,"Поступление на р/с, п/п ЦБ-С000484",404500.0,PAYMENT_NOT_IN_ETM,BOT,B,"Поступление 404,500.00 есть в 1С, зачисления на баланс ETM нет",etm,-404500.0
SkyWay Travel,2026-03-04 00:00:00,1C,"Поступление на р/с, п/п ЦБ-С002015",263400.0,PAYMENT_NOT_IN_ETM,BOT,B,"Поступление 263,400.00 есть в 1С, зачисления на баланс ETM нет",etm,-263400.0
SkyWay Travel,2026-03-10 00:00:00,1C,Приход в кассу ЦБ-С000079,441200.0,PAYMENT_NOT_IN_ETM,BOT,B,"Поступление 441,200.00 есть в 1С, зачисления на баланс ETM нет",etm,-441200.0
SkyWay Travel,2026-03-16 00:00:00,1C,"Поступление на р/с, п/п ЦБ-С002392",304900.0,PAYMENT_NOT_IN_ETM,BOT,B,"Поступление 304,900.00 есть в 1С, зачисления на баланс ETM нет",etm,-304900.0
SkyWay Travel,2026-03-24 00:00:00,1C,Приход в кассу ЦБ-С001640,270700.0,PAYMENT_NOT_IN_ETM,BOT,B,"Поступление 270,700.00 есть в 1С, зачисления на баланс ETM нет",etm,-270700.0
SkyWay Travel,2026-04-06 00:00:00,1C,"Поступление на р/с, п/п ЦБ-С000932",260300.0,PAYMENT_NOT_IN_ETM,BOT,B,"Поступление 260,300.00 есть в 1С, зачисления на баланс ETM нет",etm,-260300.0
SkyWay Travel,2026-04-28 00:00:00,1C,Приход в кассу ЦБ-С000756,338200.0,PAYMENT_NOT_IN_ETM,BOT,B,"Поступление 338,200.00 есть в 1С, зачисления на баланс ETM нет",etm,-338200.0
SkyWay Travel,2026-05-23 00:00:00,1C,"Поступление на р/с, п/п ЦБ-С001221",487700.0,PAYMENT_NOT_IN_ETM,BOT,B,"Поступление 487,700.00 есть в 1С, зачисления на баланс ETM нет",etm,-487700.0
SkyWay Travel,2026-05-27 00:00:00,1C,"Поступление на р/с, п/п ЦБ-С001499",248400.0,PAYMENT_NOT_IN_ETM,BOT,B,"Поступление 248,400.00 есть в 1С, зачисления на баланс ETM нет",etm,-248400.0
SkyWay Travel,2026-06-05 00:00:00,1C,"Поступление на р/с, п/п ЦБ-С001264",495300.0,PAYMENT_NOT_IN_ETM,BOT,B,"Поступление 495,300.00 есть в 1С, зачисления на баланс ETM нет",etm,-495300.0
SkyWay Travel,2026-06-10 00:00:00,1C,Приход в кассу ЦБ-С001502,431800.0,PAYMENT_NOT_IN_ETM,BOT,B,"Поступление 431,800.00 есть в 1С, зачисления на баланс ETM нет",etm,-431800.0
SkyWay Travel,2026-06-21 00:00:00,1C,"Поступление на р/с, п/п ЦБ-С000300",479800.0,PAYMENT_NOT_IN_ETM,BOT,B,"Поступление 479,800.00 есть в 1С, зачисления на баланс ETM нет",etm,-479800.0
SkyWay Travel,2026-07-10 00:00:00,1C,"Поступление на р/с, п/п ЦБ-С002099",444300.0,PAYMENT_NOT_IN_ETM,BOT,B,"Поступление 444,300.00 есть в 1С, зачисления на баланс ETM нет",etm,-444300.0
SkyWay Travel,2026-07-10 00:00:00,1C,"Поступление на р/с, п/п ЦБ-С001166",325100.0,PAYMENT_NOT_IN_ETM,BOT,B,"Поступление 325,100.00 есть в 1С, зачисления на баланс ETM нет",etm,-325100.0
SkyWay Travel,2026-07-16 00:00:00,1C,Приход в кассу ЦБ-С001775,292100.0,PAYMENT_NOT_IN_ETM,BOT,B,"Поступление 292,100.00 есть в 1С, зачисления на баланс ETM нет",etm,-292100.0
SkyWay Travel,2026-07-18 00:00:00,1C,"Поступление на р/с, п/п ЦБ-С002101",231600.0,PAYMENT_NOT_IN_ETM,BOT,B,"Поступление 231,600.00 есть в 1С, зачисления на баланс ETM нет",etm,-231600.0
SkyWay Travel,2026-07-28 00:00:00,1C,"Поступление на р/с, п/п ЦБ-С000401",437800.0,PAYMENT_NOT_IN_ETM,BOT,B,"Поступление 437,800.00 есть в 1С, зачисления на баланс ETM нет",etm,-437800.0
SkyWay Travel,2026-07-31 00:00:00,1C,"Поступление на р/с, п/п ЦБ-С000736",444300.0,PAYMENT_NOT_IN_ETM,BOT,B,"Поступление 444,300.00 есть в 1С, зачисления на баланс ETM нет",etm,-444300.0
ИП Мамбетова Ч. Э.,2026-02-08 00:00:00,1C,"Поступление на р/с, п/п ЦБ-С001659",174100.0,PAYMENT_NOT_IN_ETM,BOT,B,"Поступление 174,100.00 есть в 1С, зачисления на баланс ETM нет",etm,-174100.0
Ала-Арча Авиакасса,2026-04-06 00:00:00,1C,"Поступление на р/с, п/п ЦБ-С001739",306200.0,PAYMENT_NOT_IN_ETM,BOT,B,"Поступление 306,200.00 есть в 1С, зачисления на баланс ETM нет",etm,-306200.0
Ала-Арча Авиакасса,2026-05-03 00:00:00,1C,"Поступление на р/с, п/п ЦБ-С000240",408900.0,PAYMENT_NOT_IN_ETM,BOT,B,"Поступление 408,900.00 есть в 1С, зачисления на баланс ETM нет",etm,-408900.0
Ак-Куу Авиа,2026-02-14 00:00:00,1C,"Поступление на р/с, п/п ЦБ-С002383",389100.0,PAYMENT_NOT_IN_ETM,BOT,B,"Поступление 389,100.00 есть в 1С, зачисления на баланс ETM нет",etm,-389100.0
Ак-Куу Авиа,2026-02-27 00:00:00,1C,Приход в кассу ЦБ-С001111,307900.0,PAYMENT_NOT_IN_ETM,BOT,B,"Поступление 307,900.00 есть в 1С, зачисления на баланс ETM нет",etm,-307900.0
Ак-Куу Авиа,2026-03-07 00:00:00,1C,"Поступление на р/с, п/п ЦБ-С001768",248900.0,PAYMENT_NOT_IN_ETM,BOT,B,"Поступление 248,900.00 есть в 1С, зачисления на баланс ETM нет",etm,-248900.0
Ак-Куу Авиа,2026-03-23 00:00:00,1C,"Поступление на р/с, п/п ЦБ-С002034",486900.0,PAYMENT_NOT_IN_ETM,BOT,B,"Поступление 486,900.00 есть в 1С, зачисления на баланс ETM нет",etm,-486900.0
Ак-Куу Авиа,2026-06-18 00:00:00,1C,"Поступление на р/с, п/п ЦБ-С001054",336800.0,PAYMENT_NOT_IN_ETM,BOT,B,"Поступление 336,800.00 есть в 1С, зачисления на баланс ETM нет",etm,-336800.0
Чолпон Тревел,2026-06-13 00:00:00,1C,"Поступление на р/с, п/п ЦБ-С000972",260400.0,PAYMENT_NOT_IN_ETM,BOT,B,"Поступление 260,400.00 есть в 1С, зачисления на баланс ETM нет",etm,-260400.0
Жибек Вояж,2026-03-28 00:00:00,1C,Приход в кассу ЦБ-С001986,203600.0,PAYMENT_NOT_IN_ETM,BOT,B,"Поступление 203,600.00 есть в 1С, зачисления на баланс ETM нет",etm,-203600.0
Karakol Express,2026-01-06 00:00:00,1C,"Поступление на р/с, п/п ЦБ-С001302",178900.0,PAYMENT_NOT_IN_ETM,BOT,B,"Поступление 178,900.00 есть в 1С, зачисления на баланс ETM нет",etm,-178900.0
Karakol Express,2026-01-11 00:00:00,1C,"Поступление на р/с, п/п ЦБ-С000552",209700.0,PAYMENT_NOT_IN_ETM,BOT,B,"Поступление 209,700.00 есть в 1С, зачисления на баланс ETM нет",etm,-209700.0
Karakol Express,2026-01-19 00:00:00,1C,"Поступление на р/с, п/п ЦБ-С000273",228600.0,PAYMENT_NOT_IN_ETM,BOT,B,"Поступление 228,600.00 есть в 1С, зачисления на баланс ETM нет",etm,-228600.0
Karakol Express,2026-02-01 00:00:00,1C,"Поступление на р/с, п/п ЦБ-С000701",269700.0,PAYMENT_NOT_IN_ETM,BOT,B,"Поступление 269,700.00 есть в 1С, зачисления на баланс ETM нет",etm,-269700.0
Karakol Express,2026-04-01 00:00:00,1C,"Поступление на р/с, п/п ЦБ-С002356",232100.0,PAYMENT_NOT_IN_ETM,BOT,B,"Поступление 232,100.00 есть в 1С, зачисления на баланс ETM нет",etm,-232100.0
Karakol Express,2026-04-08 00:00:00,1C,"Поступление на р/с, п/п ЦБ-С000590",134800.0,PAYMENT_NOT_IN_ETM,BOT,B,"Поступление 134,800.00 есть в 1С, зачисления на баланс ETM нет",etm,-134800.0
Karakol Express,2026-04-24 00:00:00,1C,Приход в кассу ЦБ-С001521,116700.0,PAYMENT_NOT_IN_ETM,BOT,B,"Поступление 116,700.00 есть в 1С, зачисления на баланс ETM нет",etm,-116700.0
Karakol Express,2026-05-02 00:00:00,1C,"Поступление на р/с, п/п ЦБ-С001501",248100.0,PAYMENT_NOT_IN_ETM,BOT,B,"Поступление 248,100.00 есть в 1С, зачисления на баланс ETM нет",etm,-248100.0
Karakol Express,2026-05-04 00:00:00,1C,"Поступление на р/с, п/п ЦБ-С001796",150600.0,PAYMENT_NOT_IN_ETM,BOT,B,"Поступление 150,600.00 есть в 1С, зачисления на баланс ETM нет",etm,-150600.0
Karakol Express,2026-05-18 00:00:00,1C,"Поступление на р/с, п/п ЦБ-С001323",245600.0,PAYMENT_NOT_IN_ETM,BOT,B,"Поступление 245,600.00 есть в 1С, зачисления на баланс ETM нет",etm,-245600.0
Karakol Express,2026-05-19 00:00:00,1C,Приход в кассу ЦБ-С001708,262300.0,PAYMENT_NOT_IN_ETM,BOT,B,"Поступление 262,300.00 есть в 1С, зачисления на баланс ETM нет",etm,-262300.0
Karakol Express,2026-06-06 00:00:00,1C,"Поступление на р/с, п/п ЦБ-С001163",220900.0,PAYMENT_NOT_IN_ETM,BOT,B,"Поступление 220,900.00 есть в 1С, зачисления на баланс ETM нет",etm,-220900.0
Karakol Express,2026-06-09 00:00:00,1C,"Поступление на р/с, п/п ЦБ-С001456",148700.0,PAYMENT_NOT_IN_ETM,BOT,B,"Поступление 148,700.00 есть в 1С, зачисления на баланс ETM нет",etm,-148700.0
Karakol Express,2026-06-13 00:00:00,1C,Приход в кассу ЦБ-С000212,150500.0,PAYMENT_NOT_IN_ETM,BOT,B,"Поступление 150,500.00 есть в 1С, зачисления на баланс ETM нет",etm,-150500.0
Karakol Express,2026-06-19 00:00:00,1C,"Поступление на р/с, п/п ЦБ-С000451",260300.0,PAYMENT_NOT_IN_ETM,BOT,B,"Поступление 260,300.00 есть в 1С, зачисления на баланс ETM нет",etm,-260300.0
Karakol Express,2026-06-23 00:00:00,1C,"Поступление на р/с, п/п ЦБ-С001039",176700.0,PAYMENT_NOT_IN_ETM,BOT,B,"Поступление 176,700.00 есть в 1С, зачисления на баланс ETM нет",etm,-176700.0
Karakol Express,2026-06-26 00:00:00,1C,"Поступление на р/с, п/п ЦБ-С002270",267700.0,PAYMENT_NOT_IN_ETM,BOT,B,"Поступление 267,700.00 есть в 1С, зачисления на баланс ETM нет",etm,-267700.0
Karakol Express,2026-07-04 00:00:00,1C,"Поступление на р/с, п/п ЦБ-С000993",207500.0,PAYMENT_NOT_IN_ETM,BOT,B,"Поступление 207,500.00 есть в 1С, зачисления на баланс ETM нет",etm,-207500.0
Karakol Express,2026-07-10 00:00:00,1C,"Поступление на р/с, п/п ЦБ-С000997",183400.0,PAYMENT_NOT_IN_ETM,BOT,B,"Поступление 183,400.00 есть в 1С, зачисления на баланс ETM нет",etm,-183400.0
Karakol Express,2026-07-17 00:00:00,1C,"Поступление на р/с, п/п ЦБ-С002370",218100.0,PAYMENT_NOT_IN_ETM,BOT,B,"Поступление 218,100.00 есть в 1С, зачисления на баланс ETM нет",etm,-218100.0
Karakol Express,2026-07-27 00:00:00,1C,"Поступление на р/с, п/п ЦБ-С001523",163700.0,PAYMENT_NOT_IN_ETM,BOT,B,"Поступление 163,700.00 есть в 1С, зачисления на баланс ETM нет",etm,-163700.0
Бирлик Трип,2026-04-18 00:00:00,1C,"Поступление на р/с, п/п ЦБ-С000419",202500.0,PAYMENT_NOT_IN_ETM,BOT,B,"Поступление 202,500.00 есть в 1С, зачисления на баланс ETM нет",etm,-202500.0
Бирлик Трип,2026-07-25 00:00:00,1C,"Поступление на р/с, п/п ЦБ-С001901",319600.0,PAYMENT_NOT_IN_ETM,BOT,B,"Поступление 319,600.00 есть в 1С, зачисления на баланс ETM нет",etm,-319600.0
Жолчу кызы А.,2026-03-01 00:00:00,1C,"Поступление на р/с, п/п ЦБ-С001809",328300.0,PAYMENT_NOT_IN_ETM,BOT,B,"Поступление 328,300.00 есть в 1С, зачисления на баланс ETM нет",etm,-328300.0
Жолчу кызы А.,2026-04-27 00:00:00,1C,"Поступление на р/с, п/п ЦБ-С001036",146200.0,PAYMENT_NOT_IN_ETM,BOT,B,"Поступление 146,200.00 есть в 1С, зачисления на баланс ETM нет",etm,-146200.0
Жолчу кызы А.,2026-07-20 00:00:00,1C,"Поступление на р/с, п/п ЦБ-С002170",348700.0,PAYMENT_NOT_IN_ETM,BOT,B,"Поступление 348,700.00 есть в 1С, зачисления на баланс ETM нет",etm,-348700.0
Sunrise Tours,2026-03-11 00:00:00,1C,"Поступление на р/с, п/п ЦБ-С001532",501500.0,PAYMENT_NOT_IN_ETM,BOT,B,"Поступление 501,500.00 есть в 1С, зачисления на баланс ETM нет",etm,-501500.0
Sunrise Tours,2026-06-12 00:00:00,1C,"Поступление на р/с, п/п ЦБ-С001449",197200.0,PAYMENT_NOT_IN_ETM,BOT,B,"Поступление 197,200.00 есть в 1С, зачисления на баланс ETM нет",etm,-197200.0
Sunrise Tours,2026-07-31 00:00:00,1C,"Поступление на р/с, п/п ЦБ-С001947",251300.0,PAYMENT_NOT_IN_ETM,BOT,B,"Поступление 251,300.00 есть в 1С, зачисления на баланс ETM нет",etm,-251300.0
ЧОЛПОН ЭЙР,2026-04-07 00:00:00,1C,"Поступление на р/с, п/п ЦБ-С001670",330500.0,PAYMENT_NOT_IN_ETM,BOT,B,"Поступление 330,500.00 есть в 1С, зачисления на баланс ETM нет",etm,-330500.0
ЧОЛПОН ЭЙР,2026-05-19 00:00:00,1C,"Поступление на р/с, п/п ЦБ-С000541",223100.0,PAYMENT_NOT_IN_ETM,BOT,B,"Поступление 223,100.00 есть в 1С, зачисления на баланс ETM нет",etm,-223100.0
Байтур Трип,2026-01-23 00:00:00,1C,"Поступление на р/с, п/п ЦБ-С001360",395300.0,PAYMENT_NOT_IN_ETM,BOT,B,"Поступление 395,300.00 есть в 1С, зачисления на баланс ETM нет",etm,-395300.0
Байтур Трип,2026-07-23 00:00:00,1C,Приход в кассу ЦБ-С001130,484400.0,PAYMENT_NOT_IN_ETM,BOT,B,"Поступление 484,400.00 есть в 1С, зачисления на баланс ETM нет",etm,-484400.0
ЧОЛПОН ТУР,2026-01-10 00:00:00,1C,"Поступление на р/с, п/п ЦБ-С002205",196500.0,PAYMENT_NOT_IN_ETM,BOT,B,"Поступление 196,500.00 есть в 1С, зачисления на баланс ETM нет",etm,-196500.0
ЧОЛПОН ТУР,2026-01-12 00:00:00,1C,"Поступление на р/с, п/п ЦБ-С000158",290200.0,PAYMENT_NOT_IN_ETM,BOT,B,"Поступление 290,200.00 есть в 1С, зачисления на баланс ETM нет",etm,-290200.0
ЧОЛПОН ТУР,2026-05-12 00:00:00,1C,"Поступление на р/с, п/п ЦБ-С000276",215300.0,PAYMENT_NOT_IN_ETM,BOT,B,"Поступление 215,300.00 есть в 1С, зачисления на баланс ETM нет",etm,-215300.0
ЧОЛПОН ТУР,2026-07-07 00:00:00,1C,"Поступление на р/с, п/п ЦБ-С000374",275800.0,PAYMENT_NOT_IN_ETM,BOT,B,"Поступление 275,800.00 есть в 1С, зачисления на баланс ETM нет",etm,-275800.0
Эсенбекова Айгуль Нурбекевна,2026-03-09 00:00:00,1C,"Поступление на р/с, п/п ЦБ-С002301",408500.0,PAYMENT_NOT_IN_ETM,BOT,B,"Поступление 408,500.00 есть в 1С, зачисления на баланс ETM нет",etm,-408500.0
Урматова Айпери Нурбековна,2026-04-06 00:00:00,1C,"Поступление на р/с, п/п ЦБ-С002342",475000.0,PAYMENT_NOT_IN_ETM,BOT,B,"Поступление 475,000.00 есть в 1С, зачисления на баланс ETM нет",etm,-475000.0
ИССЫК ТРИП,2026-01-22 00:00:00,1C,Приход в кассу ЦБ-С002275,333700.0,PAYMENT_NOT_IN_ETM,BOT,B,"Поступление 333,700.00 есть в 1С, зачисления на баланс ETM нет",etm,-333700.0
ИССЫК ТРИП,2026-03-27 00:00:00,1C,Приход в кассу ЦБ-С000364,325600.0,PAYMENT_NOT_IN_ETM,BOT,B,"Поступление 325,600.00 есть в 1С, зачисления на баланс ETM нет",etm,-325600.0
ИССЫК ТРИП,2026-03-27 00:00:00,1C,"Поступление на р/с, п/п ЦБ-С001924",301600.0,PAYMENT_NOT_IN_ETM,BOT,B,"Поступление 301,600.00 есть в 1С, зачисления на баланс ETM нет",etm,-301600.0
ИССЫК ТРИП,2026-04-22 00:00:00,1C,"Поступление на р/с, п/п ЦБ-С000922",311200.0,PAYMENT_NOT_IN_ETM,BOT,B,"Поступление 311,200.00 есть в 1С, зачисления на баланс ETM нет",etm,-311200.0
ИССЫК ТРИП,2026-07-10 00:00:00,1C,"Поступление на р/с, п/п ЦБ-С000336",276100.0,PAYMENT_NOT_IN_ETM,BOT,B,"Поступление 276,100.00 есть в 1С, зачисления на баланс ETM нет",etm,-276100.0
ИП Абдылдаова У. О.,2026-01-13 00:00:00,1C,"Поступление на р/с, п/п ЦБ-С000512",350100.0,PAYMENT_NOT_IN_ETM,BOT,B,"Поступление 350,100.00 есть в 1С, зачисления на баланс ETM нет",etm,-350100.0
ИП Абдылдаова У. О.,2026-06-19 00:00:00,1C,Приход в кассу ЦБ-С002236,362200.0,PAYMENT_NOT_IN_ETM,BOT,B,"Поступление 362,200.00 есть в 1С, зачисления на баланс ETM нет",etm,-362200.0
Бейшенова Н. Ч.,2026-01-15 00:00:00,1C,Приход в кассу ЦБ-С000390,377600.0,PAYMENT_NOT_IN_ETM,BOT,B,"Поступление 377,600.00 есть в 1С, зачисления на баланс ETM нет",etm,-377600.0
Бейшенова Н. Ч.,2026-02-01 00:00:00,1C,"Поступление на р/с, п/п ЦБ-С001445",220200.0,PAYMENT_NOT_IN_ETM,BOT,B,"Поступление 220,200.00 есть в 1С, зачисления на баланс ETM нет",etm,-220200.0
Бейшенова Н. Ч.,2026-03-19 00:00:00,1C,Приход в кассу ЦБ-С001109,215500.0,PAYMENT_NOT_IN_ETM,BOT,B,"Поступление 215,500.00 есть в 1С, зачисления на баланс ETM нет",etm,-215500.0
Бейшенова Н. Ч.,2026-03-24 00:00:00,1C,"Поступление на р/с, п/п ЦБ-С001567",293500.0,PAYMENT_NOT_IN_ETM,BOT,B,"Поступление 293,500.00 есть в 1С, зачисления на баланс ETM нет",etm,-293500.0
ИП Джолдошов Д. У.,2026-01-15 00:00:00,1C,"Поступление на р/с, п/п ЦБ-С001249",220200.0,PAYMENT_NOT_IN_ETM,BOT,B,"Поступление 220,200.00 есть в 1С, зачисления на баланс ETM нет",etm,-220200.0
ИП Джолдошов Д. У.,2026-04-20 00:00:00,1C,"Поступление на р/с, п/п ЦБ-С002113",155900.0,PAYMENT_NOT_IN_ETM,BOT,B,"Поступление 155,900.00 есть в 1С, зачисления на баланс ETM нет",etm,-155900.0
ИП Джолдошов Д. У.,2026-05-22 00:00:00,1C,Приход в кассу ЦБ-С001928,159800.0,PAYMENT_NOT_IN_ETM,BOT,B,"Поступление 159,800.00 есть в 1С, зачисления на баланс ETM нет",etm,-159800.0
ОсОО Кок-Жайык Лайн,2026-03-23 00:00:00,1C,"Поступление на р/с, п/п ЦБ-С000706",392900.0,PAYMENT_NOT_IN_ETM,BOT,B,"Поступление 392,900.00 есть в 1С, зачисления на баланс ETM нет",etm,-392900.0
ТАЛАС ЛАЙН,2026-01-05 00:00:00,1C,Приход в кассу ЦБ-С001934,225000.0,PAYMENT_NOT_IN_ETM,BOT,B,"Поступление 225,000.00 есть в 1С, зачисления на баланс ETM нет",etm,-225000.0
ТАЛАС ЛАЙН,2026-04-20 00:00:00,1C,"Поступление на р/с, п/п ЦБ-С001653",374700.0,PAYMENT_NOT_IN_ETM,BOT,B,"Поступление 374,700.00 есть в 1С, зачисления на баланс ETM нет",etm,-374700.0
ТАЛАС ЛАЙН,2026-05-22 00:00:00,1C,Приход в кассу ЦБ-С001813,307400.0,PAYMENT_NOT_IN_ETM,BOT,B,"Поступление 307,400.00 есть в 1С, зачисления на баланс ETM нет",etm,-307400.0
ТАЛАС ЛАЙН,2026-06-27 00:00:00,1C,"Поступление на р/с, п/п ЦБ-С000208",392800.0,PAYMENT_NOT_IN_ETM,BOT,B,"Поступление 392,800.00 есть в 1С, зачисления на баланс ETM нет",etm,-392800.0
Blue Bird Travel,2026-01-27 00:00:00,1C,"Поступление на р/с, п/п ЦБ-С000920",149400.0,PAYMENT_NOT_IN_ETM,BOT,B,"Поступление 149,400.00 есть в 1С, зачисления на баланс ETM нет",etm,-149400.0
ИП Токтосун кызы Н.,2026-03-06 00:00:00,1C,"Поступление на р/с, п/п ЦБ-С000837",355300.0,PAYMENT_NOT_IN_ETM,BOT,B,"Поступление 355,300.00 есть в 1С, зачисления на баланс ETM нет",etm,-355300.0
ИП Токтосун кызы Н.,2026-03-19 00:00:00,1C,Приход в кассу ЦБ-С000471,207000.0,PAYMENT_NOT_IN_ETM,BOT,B,"Поступление 207,000.00 есть в 1С, зачисления на баланс ETM нет",etm,-207000.0
ИП Токтосун кызы Н.,2026-04-16 00:00:00,1C,Приход в кассу ЦБ-С001484,162600.0,PAYMENT_NOT_IN_ETM,BOT,B,"Поступление 162,600.00 есть в 1С, зачисления на баланс ETM нет",etm,-162600.0
ИП Токтосун кызы Н.,2026-04-30 00:00:00,1C,"Поступление на р/с, п/п ЦБ-С001511",198100.0,PAYMENT_NOT_IN_ETM,BOT,B,"Поступление 198,100.00 есть в 1С, зачисления на баланс ETM нет",etm,-198100.0
Kumtor Tours,2026-02-27 00:00:00,1C,"Поступление на р/с, п/п ЦБ-С000458",393900.0,PAYMENT_NOT_IN_ETM,BOT,B,"Поступление 393,900.00 есть в 1С, зачисления на баланс ETM нет",etm,-393900.0
Kumtor Tours,2026-02-28 00:00:00,1C,"Поступление на р/с, п/п ЦБ-С000927",434700.0,PAYMENT_NOT_IN_ETM,BOT,B,"Поступление 434,700.00 есть в 1С, зачисления на баланс ETM нет",etm,-434700.0
Kumtor Tours,2026-05-16 00:00:00,1C,"Поступление на р/с, п/п ЦБ-С001506",486500.0,PAYMENT_NOT_IN_ETM,BOT,B,"Поступление 486,500.00 есть в 1С, зачисления на баланс ETM нет",etm,-486500.0
