agent_key,название,всего_транзакций,средняя_вероятность_ошибки,фактических_ошибок,рисковый_оборот_сом,ранг_риска
чолпон тур,ЧОЛПОН ТУР,187,0.43666128618491484,76,4807265.96,1
тянь шань тур,Тянь-Шань Тур,102,0.4193288822092575,41,3566959.28,2
чынар уулу эмир,Чынар уулу Эмир,93,0.373253511911503,33,1954490.0899999999,3
жибек эйр,Жибек Эйр,544,0.3557356458176537,176,6513334.08,4
чолпон тревел,Чолпон Тревел,93,0.339597733250867,29,606532.95,5
сатар уулу санжар,Сатар уулу Санжар,860,0.3276752750219373,249,7960915.270000001,6
сыдыков с у,Сыдыков С. У.,109,0.32055007410306485,34,1115834.6900000002,7
мурас трип,МУРАС ТРИП,158,0.29193230957573485,37,1484693.7000000002,8
джолдош уулу эмир,Джолдош уулу Эмир,235,0.2723395888220647,68,1762994.5800000003,9
асанов к б,ИП Асанов К. Б.,172,0.2615603387770865,43,982474.28,10
жибек вояж,Жибек Вояж,85,0.26043025348121485,20,629965.53,11
жолчу кызы а,Жолчу кызы А.,229,0.252855901255993,52,1627510.19,12
токтосун кызы н,ИП Токтосун кызы Н.,396,0.23607608302250008,82,1154976.82,13
жумабекова б н,ИП Жумабекова Б. Н.,178,0.23443227762186583,35,638312.8699999999,14
муратов э у,ИП Муратов Э. У.,269,0.22420066900170738,48,941388.7799999999,15
манас туризм,Манас Туризм,157,0.21974432429624796,29,465664.74,16
ала арча тревел,Ала-Арча Тревел,114,0.20101013631222697,23,87528.43000000001,17
иссык трип,ИССЫК ТРИП,857,0.18454122841669593,152,514503.35000000003,18
ak bulak voyage,Ak-Bulak Voyage,135,0.17411563217708842,20,0.0,19
сагын кызы б,Сагын кызы Б.,68,0.17303292454378916,13,231576.12999999998,20
nomad trip,Nomad Trip,114,0.17096657164592485,16,147828.15,21
тянь шань экспресс,ТЯНЬ-ШАНЬ ЭКСПРЕСС,181,0.1573682631756749,27,0.0,22
ак куу авиа,Ак-Куу Авиа,1175,0.1476651042064724,157,157988.34,23
манас вояж,Манас Вояж,136,0.1472058593729122,19,64256.86,24
абдылдаов д м,Абдылдаов Д. М.,195,0.14407302448851642,28,0.0,25
